codigo_produto,codigo,descricao,completo,rua,andar,edificio,apartamento
10485147907,03.MP.I.80073,PAINEL FRONTAL VENTILADOR N11.3.0 SOLAREAST FTi125 32201001000497,02-03-06-002,02,03,06,002
10485147845,03.MP.I.80066,PAINEL LATERAL DIREITO N11.3.0 SOLAREAST FTi125 32201001000192,02-05-22-002,02,05,22,002
10485147856,03.MP.I.80067,PAINEL LATERAL ESQUERDO N11.3.0 SOLAREAST FTi125 32201001000193,02-04-16-002,02,04,16,002
10502445255,03.MP.I.80079,SUPORTE METAL PAINEL LATERAL ESQUERDO N10.3.0 SOLAREAST FTi125,02-04-18-002,02,04,18,002
10502446461,03.MP.I.80080,SUPORTE METAL PAINEL LATERAL DIREITO N11.3.0 SOLAREAST FTi125,02-04-20-002,02,04,20,002
10437794513,05.MP.I.80234,OBSOLETO - EVAPORADORA FTI105 SOLAREAST 742*317*700 - 32210019000083 32151001000103,02-05-01-001,02,05,01,001
10437794513,05.MP.I.80234,OBSOLETO - EVAPORADORA FTI105 SOLAREAST 742*317*700 - 32210019000083 32151001000103,01-05-01-002,01,05,01,002
10485147919,03.MP.I.80075,DIVISORIA DO COMPRESSOR DE FERRO PINTADO FTI105 FTI125 32200009000115,01-02-04-001,01,02,04,001
10485147887,03.MP.I.80071,TAMPA SUPERIOR N11.3.0 FTi125 32201001000194,02-03-04-002,02,03,04,002
10485147919,03.MP.I.80075,DIVISORIA DO COMPRESSOR DE FERRO PINTADO FTI105 FTI125 32200009000115,02-04-04-002,02,04,04,002
10502444449,03.MP.I.80097,SUPORTE METAL TAMPA SUPERIOR N11.3.0 SOLAREAST FTi125,02-04-16-002,02,04,16,002
10504526149,04.MP.I.80099,CAIXA DE METAL ELETRICA DESMONTADAS DAS FTI125D40PT - **SEM COD** - ITEM 10,01-05-04-001,01,05,04,001
10437794544,05.MP.I.80217,OBSOLETO - EVAPORADORA FTI125 SOLAREAST 740*322*700/ - 32210019000130 32151001000101,02-05-03-001,02,05,03,001
10409717299,04.MP.I.60806,MOTOR VENTILADOR 1/4CV 220V YDK-185-6A6 1 VELOCIDADE 5MFD,01-01-06-001,01,01,06,001
10409717299,04.MP.I.60806,MOTOR VENTILADOR 1/4CV 220V YDK-185-6A6 1 VELOCIDADE 5MFD,01-01-06-002,01,01,06,002
10409717299,04.MP.I.60806,MOTOR VENTILADOR 1/4CV 220V YDK-185-6A6 1 VELOCIDADE 5MFD,01-02-06-001,01,02,06,001
10409717299,04.MP.I.60806,MOTOR VENTILADOR 1/4CV 220V YDK-185-6A6 1 VELOCIDADE 5MFD,01-02-06-002,01,02,06,002
10409717303,04.MP.I.60808,"MOTOR VENTILADOR FT20/25 AXIAL 300MM 220V 77W DUNLI YWFA45-300S-5D 2,5UF",01-05-02-001,01,05,02,001
10409717303,04.MP.I.60808,"MOTOR VENTILADOR FT20/25 AXIAL 300MM 220V 77W DUNLI YWFA45-300S-5D 2,5UF",01-05-02-002,01,05,02,002
10409717303,04.MP.I.60808,"MOTOR VENTILADOR FT20/25 AXIAL 300MM 220V 77W DUNLI YWFA45-300S-5D 2,5UF",01-04-06-001,01,04,06,001
10409717303,04.MP.I.60808,"MOTOR VENTILADOR FT20/25 AXIAL 300MM 220V 77W DUNLI YWFA45-300S-5D 2,5UF",01-04-06-002,01,04,06,002
10409717303,04.MP.I.60808,"MOTOR VENTILADOR FT20/25 AXIAL 300MM 220V 77W DUNLI YWFA45-300S-5D 2,5UF",01-05-06-001,01,05,06,001
10409717303,04.MP.I.60808,"MOTOR VENTILADOR FT20/25 AXIAL 300MM 220V 77W DUNLI YWFA45-300S-5D 2,5UF",01-05-06-002,01,05,06,002
10409717303,04.MP.I.60808,"MOTOR VENTILADOR FT20/25 AXIAL 300MM 220V 77W DUNLI YWFA45-300S-5D 2,5UF",01-06-06-001,01,06,06,001
10409717303,04.MP.I.60808,"MOTOR VENTILADOR FT20/25 AXIAL 300MM 220V 77W DUNLI YWFA45-300S-5D 2,5UF",01-06-06-002,01,06,06,002
10409717297,04.MP.I.60805,MOTOR VENTILADOR 1/2CV 220V YDK-375-6A15 2 VELOCIDADES 15MFD,01-01-08-001,01,01,08,001
10409717297,04.MP.I.60805,MOTOR VENTILADOR 1/2CV 220V YDK-375-6A15 2 VELOCIDADES 15MFD,01-01-08-002,01,01,08,002
10409717297,04.MP.I.60805,MOTOR VENTILADOR 1/2CV 220V YDK-375-6A15 2 VELOCIDADES 15MFD,01-02-08-001,01,02,08,001
10409717297,04.MP.I.60805,MOTOR VENTILADOR 1/2CV 220V YDK-375-6A15 2 VELOCIDADES 15MFD,01-02-08-002,01,02,08,002
10409717303,04.MP.I.60808,"MOTOR VENTILADOR FT20/25 AXIAL 300MM 220V 77W DUNLI YWFA45-300S-5D 2,5UF",01-03-08-001,01,03,08,001
10409717303,04.MP.I.60808,"MOTOR VENTILADOR FT20/25 AXIAL 300MM 220V 77W DUNLI YWFA45-300S-5D 2,5UF",01-03-08-002,01,03,08,002
10409717303,04.MP.I.60808,"MOTOR VENTILADOR FT20/25 AXIAL 300MM 220V 77W DUNLI YWFA45-300S-5D 2,5UF",01-05-04-001,01,05,04,001
10409717303,04.MP.I.60808,"MOTOR VENTILADOR FT20/25 AXIAL 300MM 220V 77W DUNLI YWFA45-300S-5D 2,5UF",01-03-08-002,01,03,08,002
10409717303,04.MP.I.60808,"MOTOR VENTILADOR FT20/25 AXIAL 300MM 220V 77W DUNLI YWFA45-300S-5D 2,5UF",01-05-08-001,01,05,08,001
10409717303,04.MP.I.60808,"MOTOR VENTILADOR FT20/25 AXIAL 300MM 220V 77W DUNLI YWFA45-300S-5D 2,5UF",01-05-08-002,01,05,08,002
10409717303,04.MP.I.60808,"MOTOR VENTILADOR FT20/25 AXIAL 300MM 220V 77W DUNLI YWFA45-300S-5D 2,5UF",01-06-08-001,01,06,08,001
10409717303,04.MP.I.60808,"MOTOR VENTILADOR FT20/25 AXIAL 300MM 220V 77W DUNLI YWFA45-300S-5D 2,5UF",01-06-08-002,01,06,08,002
10437794455,04.MP.I.80122,"MOTOR VENTILADOR 34W DC FTI25,35 RD34HA/110CM- 13080004000097",01-01-10-001,01,01,10,001
10722532212,04.MP.I.60811,MOTOR VENTILADOR 150W DC INVERTER 310VDC,01-02-10-001,01,02,10,001
10409717636,04.MP.I.80121,"MOTOR VENTILADOR 50W DC FTI45,55,75 RD50HP/DC310V/50W/130CM - 13080004000112",01-01-02-001,01,01,02,001
10409717301,04.MP.I.60807,MOTOR VENTILADOR FT40 AXIAL 300MM 220V / 100W YWF4E295S-5AN-AES0 2.5MFD,01-03-02-001,01,03,02,001
10409717301,04.MP.I.60807,MOTOR VENTILADOR FT40 AXIAL 300MM 220V / 100W YWF4E295S-5AN-AES0 2.5MFD,01-05-04-002,01,05,04,002
10409717303,04.MP.I.60808,"MOTOR VENTILADOR FT20/25 AXIAL 300MM 220V 77W DUNLI YWFA45-300S-5D 2,5UF",01-04-10-001,01,04,10,001
10409717303,04.MP.I.60808,"MOTOR VENTILADOR FT20/25 AXIAL 300MM 220V 77W DUNLI YWFA45-300S-5D 2,5UF",01-04-10-002,01,04,10,002
10409717303,04.MP.I.60808,"MOTOR VENTILADOR FT20/25 AXIAL 300MM 220V 77W DUNLI YWFA45-300S-5D 2,5UF",01-05-10-001,01,05,10,001
10409717303,04.MP.I.60808,"MOTOR VENTILADOR FT20/25 AXIAL 300MM 220V 77W DUNLI YWFA45-300S-5D 2,5UF",01-04-10-002,01,04,10,002
10409717303,04.MP.I.60808,"MOTOR VENTILADOR FT20/25 AXIAL 300MM 220V 77W DUNLI YWFA45-300S-5D 2,5UF",01-06-10-001,01,06,10,001
10409717303,04.MP.I.60808,"MOTOR VENTILADOR FT20/25 AXIAL 300MM 220V 77W DUNLI YWFA45-300S-5D 2,5UF",01-06-10-002,01,06,10,002
10409717295,04.MP.I.60804,MOTOR VENTILADOR 1/10CV 220V YDK-120-75-6A 850RPM,01-03-04-001,01,03,04,001
10722526318,04.MP.I.60809,"ENGENHARIA - MOTOR VENTILADOR 1/6CV-125W YDK-125-8A60 220V 7,5MFD",01-03-12-002,01,03,12,002
10722531603,04.MP.I.60810,ENGENHARIA - MOTOR VENTILADOR 1/3CV-250W YDK-250-4A60 220V 12MFD,01-03-12-002,01,03,12,002
10409717301,04.MP.I.60807,MOTOR VENTILADOR FT40 AXIAL 300MM 220V / 100W YWF4E295S-5AN-AES0 2.5MFD,01-03-12-002,01,03,12,002
10409717303,04.MP.I.60808,"MOTOR VENTILADOR FT20/25 AXIAL 300MM 220V 77W DUNLI YWFA45-300S-5D 2,5UF",01-04-12-001,01,04,12,001
10409717303,04.MP.I.60808,"MOTOR VENTILADOR FT20/25 AXIAL 300MM 220V 77W DUNLI YWFA45-300S-5D 2,5UF",01-04-12-002,01,04,12,002
10409717303,04.MP.I.60808,"MOTOR VENTILADOR FT20/25 AXIAL 300MM 220V 77W DUNLI YWFA45-300S-5D 2,5UF",01-05-12-001,01,05,12,001
10409717303,04.MP.I.60808,"MOTOR VENTILADOR FT20/25 AXIAL 300MM 220V 77W DUNLI YWFA45-300S-5D 2,5UF",01-05-12-002,01,05,12,002
10409717303,04.MP.I.60808,"MOTOR VENTILADOR FT20/25 AXIAL 300MM 220V 77W DUNLI YWFA45-300S-5D 2,5UF",01-06-12-001,01,06,12,001
10409717303,04.MP.I.60808,"MOTOR VENTILADOR FT20/25 AXIAL 300MM 220V 77W DUNLI YWFA45-300S-5D 2,5UF",01-06-12-002,01,06,12,002
10409717281,04.MP.I.60605,*CONTATORA BAQUELITE 3 POLOS LTC-3S-30 30A 208/240V,01-01-08-002,01,01,08,002
10409717177,03.MP.I.50104,GRADE VENTILADOR N08 530MM PLASTICO N08,01-03-14-001,01,03,14,001
10409717177,03.MP.I.50104,GRADE VENTILADOR N08 530MM PLASTICO N08,01-03-14-002,01,03,14,002
10409717177,03.MP.I.50104,GRADE VENTILADOR N08 530MM PLASTICO N08,01-04-14-001,01,04,14,001
10409717177,03.MP.I.50104,GRADE VENTILADOR N08 530MM PLASTICO N08,01-04-14-002,01,04,14,002
10409717177,03.MP.I.50104,GRADE VENTILADOR N08 530MM PLASTICO N08,01-05-14-001,01,05,14,001
10409717177,03.MP.I.50104,GRADE VENTILADOR N08 530MM PLASTICO N08,01-05-14-002,01,05,14,002
10409717177,03.MP.I.50104,GRADE VENTILADOR N08 530MM PLASTICO N08,01-06-14-001,01,06,14,001
10409717177,03.MP.I.50104,GRADE VENTILADOR N08 530MM PLASTICO N08,01-06-14-002,01,06,14,002
10409717432,04.MP.N.62019,OBSOLETO - DISPLAY CONTROLADOR PDX - DIGITAL PDX1281N,01-01-16-001,01,01,16,001
10409717319,04.MP.N.61017,PLACA CONTROLADOR THOLZ PDX1281N,01-01-16-001,01,01,16,001
10409717434,04.MP.N.62020,OBSOLETO - DISPLAY CONTROLADOR MTZ1273N/P706,01-01-16-002,01,01,16,002
10409717317,04.MP.N.61016,PLACA CONTROLADOR THOLZ MTZ1273N/P706,01-01-13-002,01,01,13,002
10443272248,IFV-2CV,BOMBA DE AGUA INVERTER IFV 2CV,01-06-18-001,01,06,18,001
10443269075,IFV-1CV,BOMBA DE AGUA INVERTER IFV 1CV,01-07-18-002,01,07,18,002
10488309886,02.MP.I.40004,CONEXAO TEE 50MM PVC PRETO,01-04-16-001,01,04,16,001
10488308772,02.MP.I.40003,CONEXAO TEE 40MM PVC PRETO,01-04-16-002,01,04,16,002
10652307190,08.EM.N.31011,CAIXA PAPELAO ANTIGA FT50,01-05-16-001,01,05,16,001
10652307502,08.EM.N.31012,FUNDO PAPELAO ANTIGA FT50,01-05-16-002,01,05,16,002
10431269442,04.MP.I.80204,"REATOR ELETRONICO 60000BTU 3,5mH + 3,5mH MONO - L30A01/03-0600508/ZK - 13080002000520",01-03-18-PTL,01,03,18,PTL
10431268932,04.MP.I.80201,*PLACA CONTROLADORA INVERTER SOLAREAST MONO FTi-125D - RCDF211294 - 13080002000518,01-02-18-PTL,01,02,18,PTL
10431236653,04.MP.I.80211,PLACA ELETRONICA COMP FTi125L TRI - T12A02/LVB53FCAMC/ZK - 13080002000541,01-02-18-PTL,01,02,18,PTL
10431268984,04.MP.I.80202,PLACA ELETRONICA CONTROL FTi125L TRI RCDF211340/CC902/ZK - 13080002000601,01-02-18-PTL,01,02,18,PTL
10431235676,04.MP.I.80209,PLACA COMPRESSOR INVERTER SOLAREAST MONO - S30A01/LNB53FCFMC/ZK - 13080002000519,01-02-18-PTL,01,02,18,PTL
10431235442,04.MP.I.80207,PLACA ELETRONICA FTi75D MONO - 201-A19022U/18A/SVB220FLGMC-L/HET - 13080002000584,01-04-18-PTL,01,04,18,PTL
10431235640,04.MP.I.80208,PLACA ELETRONICA FTi55D MONO-SVB172FNPMC/201-A19022S/14A/HET-13080002000576-4269242200427,01-04-16-PTL,01,04,16,PTL
10409717630,04.MP.I.80206,PLACA ELETRONICA FTi105D MONO - 201-A19022J/21A/MVB33FKQMC-L/HE - 13080002000435,01-03-18-PTL,01,03,18,PTL
10431268737,04.MP.I.80200,#PLACA CONTROLADORA INVERTER SOLAREAST TRI FTi-105L - RCDF211268 - 13080002000454,01-03-18-001,01,03,18,001
10431235764,04.MP.I.80210,PLACA ELETRONICA COMP FTi105L - TRI T10A02/MVB33FKQMC-L/ZK - 13080002000542,01-03-18-PTL,01,03,18,PTL
10443721166,04.MP.I.90932,TERMINAL GARFO 4 - 6MM - 10 - SVS5.5-5AMARELO,01-04-18-001,01,04,18,001
10443720575,04.MP.I.90931,OBSOLETO - TERMINAL GARFO 4 - 6MM - 8 - SVS5.5-4AMARELO,01-04-18-001,01,04,18,001
10443720252,04.MP.I.90930,"TERMINAL GARFO 1,5 - 2,5MM - 8 - SVS2-4 AZUL",01-03-18-001,01,03,18,001
10443717228,04.MP.I.90928,"TERMINAL GARFO 0,5-1,5MM - 8 - SVS1.25-4 VERMELHO",01-03-18-001,01,03,18,001
10443720063,04.MP.I.90929,"TERMINAL GARFO 0,5 - 1,5MM - 8 - SVS1.25-61/4 VERMELHO",01-03-18-001,01,03,18,001
10443722051,04.MP.I.90933,TERMINAL OLHAL 1.5 - 2.5MM - 10 - RVS2-5AZUL,01-04-18-001,01,04,18,001
10443727145,04.MP.I.90936,OBSOLETO - TERMINAL 0.8 X 6.35 FDFN2-250 AZUL,01-04-18-001,01,04,18,001
10443728664,04.MP.I.90937,OBSOLETO - TERMINAL 0.8 X 6.35 FDFNY2-250 AZUL,01-04-18-001,01,04,18,001
10443726350,04.MP.I.90935,OBSOLETO - TERMINAL BANDEIRA 0.8 X 6.35 FLDNY2-250 AZUL,01-04-18-001,01,04,18,001
10443831819,04.MP.I.90941,TERMINAL TUBULAR 12E6012 AMARELO,01-04-18-001,01,04,18,001
10443832758,04.MP.I.90942,TERMINAL TUBULAR 18E10-18 VERMELHO,01-04-18-001,01,04,18,001
10443821488,04.MP.I.90938,TERMINAL TUBULAR 8 E1508 PRETO/VERMELHO,01-04-18-001,01,04,18,001
10443834537,04.MP.I.90943,TERMINAL TUBULAR 12E16-12 AZUL,01-04-18-001,01,04,18,001
10443825230,04.MP.I.90940,TERMINAL TUBULAR 9E4009 CINZA,01-03-18-001,01,03,18,001
10443823571,04.MP.I.90939,TERMINAL TUBULARE2508 AZUL,01-02-17-001,01,02,17,001
10409717966,04.MP.N.90916,TERMINAL TUBULAR VERMELHO 10MM I-10,01-04-18-001,01,04,18,001
10409717956,04.MP.N.90911,"OBSOLETO - TERMINAL TUBULAR AMARELO 4,00-6,00MM P-1034",01-04-18-001,01,04,18,001
10409717937,04.MP.N.90901,OBSOLETO - TERMINAL FEMEA TOTALMENTE ISOLADO VERMELHO FDFD1.25-250,01-04-18-001,01,04,18,001
10424936180,04.MP.I.61206,PRESSOSTATO ALTA OPEN 500 CLOSE 400 CARTUCHO 1/4 PRESSURE SWITCH HPS500400,01-04-18-002,01,04,18,002
10409717347,04.MP.I.61202,*PRESSOSTATO ALTA 600/400 PSI CARTUCHO 1/4,01-04-18-002,01,04,18,002
10431250896,04.MP.I.80062,REATOR FTI105D - R2550HSA/25A/5.0mH/HET - 13080007000275,01-01-20-002,01,01,20,002
10421125712,04.MP.I.80060,"REATOR FTI105L,125L - R20035(AL)/20A/3.5mH/ZK - 13080007000280",01-01-20-002,01,01,20,002
10431250841,04.MP.I.80061,"REATOR FTI45,55,75 - R2050HSB/R20052HS(AL)/20A/5.20mH/HET - 13080007000260",01-01-20-001,01,01,20,001
10437794582,04.MP.I.80063,"REATOR FTI25,35 - R1250HSD-1/12A/5.0mH/HET - 13080007000351",01-01-20-002,01,01,20,002
10409717765,04.MP.N.90340,CHICOTE FEMEA SENSOR DE FLUXO+2 SENSOR 10K TEMP - TAMANHO PEQUENO - 20 A 50 008,01-02-20-G06,01,02,20,G06
10409717763,04.MP.N.90339,CHICOTE FEMEA SENSOR DE FLUXO+2 SENSOR 10K TEMP - TAMANHO GRANDE - 60 A 180 028,01-02-20-G03,01,02,20,G03
10409717761,04.MP.N.90338,"CHICOTE FEMEA PRESSOSTATOS R410A 600 x 500 x 35 - FT20, 50, FH40 - 041",01-02-20-G05,01,02,20,G05
10409717759,04.MP.N.90337,CHICOTE FEMEA PRESSOSTATOS 600-500-35 FH100 A FH240 042,01-02-20-G02,01,02,20,G02
10409717757,04.MP.N.90336,CHICOTE FEMEA PRESSOSTATOS 400-350-05 FT60 A 180 031,01-02-20-G01,01,02,20,G01
10409717379,04.MP.I.61701,SENSOR TEMPERATURA 10K NTC PROBE NIQUEL,01-03-20-M04,01,03,20,M04
10409717656,04.MP.I.80019,SENSOR DE FLUXO FTi UNIVERSAL /G3/4&amp;quot;FM/ - 13110002001185 13110002000425,01-03-20-M06,01,03,20,M06
10409717343,04.MP.I.61200,PRESSOSTATO ALTA OPEN 350 CLOSE 250 CARTUCHO 1/4 - PRESSURE SWITCH HPS350250,01-04-20-001,01,04,20,001
10409717345,04.MP.I.61201,*PRESSOSTATO ALTA 400/200 PSI CARTUCHO 1/4,01-04-20-001,01,04,20,001
10409717353,04.MP.I.61205,*PRESSOSTATO BAIXA 35/60 PSI CARTUCHO 1/4,01-04-20-002,01,04,20,002
10432786507,04.MP.I.80008,SENSOR TEMP. DESCARGA BRANCO 105L 125D 125L CC.T705/50K/XH-2Y/1.5m/ZK - 13080009000134,01-02-22-M01,01,02,22,M01
10409717638,04.MP.I.80009,"SENSOR TEMP. AMBIENTE PRETO FTI45,55,75,105D /15K/XH-2Y/0.75m//HET - 13080009000251",01-02-22-M02,01,02,22,M02
10409717640,04.MP.I.80010,"SENSOR TEMP. DESCARGA ROXO FTI45,55,75,105D /50K/XH-2Y/1.2m/HET - 13080009000249",01-02-22-M03,01,02,22,M03
10409717642,04.MP.I.80011,"SENSOR TEMP. SAIDA DE AGUA VERMELHO FTI45,55,75,105D 20K/XH-2Y/1.2m/HET - 13080009000250",01-01-22-M04,01,01,22,M04
10409717646,04.MP.I.80013,"SENSOR TEMP. AMBIENTE BRANCO FTI105L,125D,125L - CC.T699/5K/XH-2Y/1.5m/ZK - 13080009000125",01-01-22-M06,01,01,22,M06
10409717648,04.MP.I.80014,"SENSOR TEMP. GAS SAIDA CONDENSADORA VERDE FTI45,55,75,105D /20K/XH-2Y/1.2m/HET - 13080009000260",01-02-22-M07,01,02,22,M07
10409717650,04.MP.I.80015,"SENSOR TEMP.ENTRADA AGUA FRIA AZUL FTI45,55,75,105D/20K/XH-2Y/1.2m/HET - 13080009000259",01-02-22-M08,01,02,22,M08
10432776085,04.MP.I.80016,"SENSOR TEMP. AMBIENTE BRANCO FTI105L,125D,125L /CC.T687/5K /XH-2Y/1.5m/ZK - 13080009000126",01-02-22-M09,01,02,22,M09
10432779608,04.MP.I.80017,"SENSOR TEMP. EVAPORADORA 2 BRANCO FTI45,55,75,105D/20K/XH-2Y/1.2m/HET - 13080009000258",01-02-22-M10,01,02,22,M10
10437794386,04.MP.I.80022,CABO DE COMUNICACAO RCDF211253 BRANCO - 13080001000617,01-02-22-M11,01,02,22,M11
10542384956,04.MP.I.80379,CABO DE COMUNICACAO PLACA PRINCIPAL - PLACA COMPRESSOR - 13080001000614,01-02-22-M13,01,02,22,M13
10431268031,04.MP.I.80026,CABO DE COMUNICACAO TYWE3SWIFI PRETO - 13080001000600,01-02-22-M12,01,02,22,M12
10437794590,04.MP.I.80218,"SENSOR TEMP. AMBIENTE PRETO FTI25,35 /15K/XH-2Y/1.0m/HET - 13080009000306",01-02-22-M14,01,02,22,M14
10437794596,04.MP.I.80219,"SENSOR TEMP. DESCARGA ROXO FTI25,35 /50K/XH-2Y/0.6m/HET - 13080009000307",01-02-22-M15,01,02,22,M15
10437794602,04.MP.I.80220,"SENSOR TEMP. SAIDA DE AGUA QUENTE VERMELHO FTI25,35/20K/XH-2Y/1.0m/HET - 13080009000308",01-02-22-M16,01,02,22,M16
10437794610,04.MP.I.80221,"SENSOR TEMP. SUCCAO AMARELO FTI25,35/20K/XH-2Y/1.0m/HET - 13080009000309",01-02-22-M17,01,02,22,M17
10437794615,04.MP.I.80222,"SENSOR TEMP. GAS SAIDA CONDENSADORA VERDE FTI25,35/20K/XH-2Y/1.0m/HET - 13080009000310",01-02-22-M18,01,02,22,M18
10437794623,04.MP.I.80223,"SENSOR TEMP. EVAPORADORA BRANCO FTI25,35/20K/XH-2Y/1.0m/HET - 13080009000311",01-02-22-M19,01,02,22,M19
10437794630,04.MP.I.80224,"SENSOR TEMP. ENTRADA DE AGUA AZUL FTI25,35/20K/XH-2Y/1.0m/HET - 13080009000312",01-02-22-M20,01,02,22,M20
10431269463,04.MP.I.80205,"VISOR IHM WIFI FTI125D,105L,125L RCDF211253/LED/WIFI/ZK - 13080007000727",01-03-20-G08,01,03,20,G08
10433322249,07.MP.I.80002,CLIPE DO SENSOR - SUS304 - 13130003000048,01-02-22-P02,01,02,22,P02
10485147924,07.MP.I.80076,PRESILHA DE ALUMINIO GRADE VENTILADOR FTI - 32200018000390,01-02-22-P01,01,02,22,P01
10409717245,04.MP.N.60302,"CAPACITOR DE REGIME 2,5MFD 450V",01-02-22-P05,01,02,22,P05
10409717654,07.MP.I.80018,SUPORTE DO SENSOR DE TEMPERATURA EXTERNO - CINZA - 13110002000764,01-02-22-P06,01,02,22,P06
10409717241,04.MP.I.60300,CAPACITOR DE PARTIDA 4.000 A 120.000 BTU - HARD START HS6,01-04-22-001,01,04,22,001
10409717253,04.MP.I.60306,CAPACITOR DE REGIME 50MFD 440V,01-06-22-001,01,06,22,001
10490604170,04.MP.N.61903,TRANSFORMADOR 220/12V 1A REV0213V,01-01-24-001,01,01,24,001
10441622363,07.MP.N.90524,"OBSOLETO - FITA VEDA FRESTAS PVC EXPANDIDO 11MMX0,6MMX10000MM",01-01-24-001,01,01,24,001
10409717853,07.MP.N.90503,"FITA VEDA FRESTAS PVC EXPANDIDO 12MMX0,5MMX4000MM",01-01-24-001,01,01,24,001
10409717424,05.MP.I.62015,VALVULA DE SERVICO 1/4 - 5CM - ACCESS VALVE AV04A05T-6 1/4 - 5CM - THICKNESS 0.6MM,01-01-24-001,01,01,24,001
10409717223,04.MP.I.60000,CHAVE COMUTADOR KNOB 2NA - 3 Position Selector Pushbutton CB2-ED33 2N/O BlackSwitch,01-01-24-001,01,01,24,001
10409717857,07.MP.N.90505,"FITA VEDA FRESTAS PVC EXPANDIDO 40MMX0,5MMX4000MM",01-01-24-001,01,01,24,001
10544137903,04.MP.I.80381,BARRA DE TERMINAIS ALIMENTACAO - 6 PORT/A30/450V 4MM2 - 13080005000318,01-02-24-G06,01,02,24,G06
10542356199,04.MP.I.80377,BARRA DE TERMINAIS ALIMENTACAO - 5 PORT 6MM2 - 13080005000372,01-02-24-G05,01,02,24,G05
10542324680,04.MP.I.80367,BARRA DE TERMINAIS ALIMENTACAO - 7 PORT/A30/450V 4MM2 - APERTO DE PARAFUSO - 13080005000317,01-02-24-G04,01,02,24,G04
10433316162,04.MP.I.80003,BARRA DE TERMINAIS ALIMENTACAO - 5 PORT/A30/450V 4MM2 - 13080005000282/13080005000316,01-02-24-G03,01,02,24,G03
10431239419,04.MP.I.80024,RELE 30A 220VAC JQX-105F-4pinos - 13080003000402,01-02-24-G02,01,02,24,G02
10646073683,04.MP.I.61610,RELE 40A/240VAC NT90TPNCE220CB / NT90TPNCEAC240VSB-G,01-01-24-G01,01,01,24,G01
10650343584,04.MP.I.80086,BOBINA VALVULA EXPANSAO DPFX06-132 240628N - 13080010000501,01-03-24-M03,01,03,24,M03
10431246852,04.MP.I.80082,"BOBINA VALVULA EXPANSAO DPFX03-041 FTI25,35,45,55,75 - 13080010001412",01-03-24-M02,01,03,24,M02
10433349227,04.MP.I.80083,"BOBINA VALVULA EXPANSAO DPFX07-180 FTI105,125 - 13080010000610",01-03-24-M01,01,03,24,M01
10656436617,05.MP.I.80087,"*CORPO VALVULA EXPANSAO FTI25,35 6.35/DPF1.3C-B001/ - 13170002000069",01-03-24-P03,01,03,24,P03
10437794475,05.MP.I.80055,"CORPO VALVULA EXPANSAO FTI25,35 6.35/DPF1.3C-S101/ - 13070002000800",01-03-24-P07,01,03,24,P07
10414797885,05.MP.I.80051,"CORPO VALVULA EXPANSAO FTI45,55 DPF1.65C-S025 - 13070002000869",01-03-24-P04,01,03,24,P04
10431238972,05.MP.I.80052,CORPO VALVULA EXPANSAO FTI75 /6.35/DPF1.8C-B013/ - 13170002000071,01-03-24-P06,01,03,24,P06
10431246558,05.MP.I.80053,CORPO VALVULA EXPANSAO FTI105 8/DPF-B-2_4C-011/ - 13070002000972,01-03-24-P02,01,03,24,P02
10431246680,05.MP.I.80054,CORPO VALVULA EXPANSAO FTI125 8/DPF(B)-3.0C-006/ - 13070002001074,01-03-24-P01,01,03,24,P01
10529526104,07.MP.I.80232,CAPA DO COMPRESSOR FTi-25 N09 - 13110001001276,01-04-24-G10,01,04,24,G10
10533220353,07.MP.I.80233,CAPA DO COMPRESSOR FTi-55 N10 - 13110001001264,01-04-24-G09,01,04,24,G09
10660824827,07.MP.I.80025,CAPA DO COMPRESSOR - 13110001001365,01-04-24-G07,01,04,24,G07
10485147734,07.MP.I.80036,ISOLAMENTO ACUSTICO PAINEL FRONTAL N10.3.0 FTi55 SOLAREAST 550*270 - 13060003000320,01-01-22-002,01,01,22,002
10485147724,07.MP.I.80035,ISOLAMENTO ACUSTICO PAINEL DIREITO N10.3.0 FTi55 SOLAREAST 540*270 - 13060003000319,01-01-22-002,01,01,22,002
10599393292,04.MP.I.60307,CAPACITOR DE REGIME 25MFD 450V,01-07-24-001,01,07,24,001
10409717247,04.MP.I.60303,CAPACITOR DE REGIME 35MFD 440V,01-07-24-001,01,07,24,001
10409717251,04.MP.I.60305,CAPACITOR DE REGIME 45MFD 440V,01-07-24-001,01,07,24,001
10409717243,04.MP.I.60301,CAPACITOR DE REGIME 5MFD 450V,01-07-24-002,01,07,24,002
10409717861,07.MP.N.90507,R32 GAS FLUIDO REFRIGERANTE,03-01-01-002,03,01,01,002
10409717859,07.MP.N.90506,R22 GAS FLUIDO REFRIGERANTE,03-01-01-002,03,01,01,002
10409717863,07.MP.N.90508,R404A GAS FLUIDO REFRIGERANTE,03-01-01-001,03,01,01,001
10409717865,07.MP.N.90509,R410A GAS FLUIDO REFRIGERANTE,03-01-01-001,03,01,01,001
10409717867,07.MP.N.90510,R134A GAS FLUIDO REFRIGERANTE,03-01-01-001,03,01,01,001
10409717181,03.MP.N.50110,GRADE VENTILADOR N03 660MM FERRO ZINCADO FT160,01-02-01-002,01,02,01,002
10409717175,03.MP.N.50100,OBSOLETO - GRADE DO VENTILADOR FERRO 530MM N08 OBSOLETO,01-02-01-001,01,02,01,001
10409717291,03.MP.N.60704,*HELICE PLASTICO 3 PAS 410MM - EIXO 8MM - N08,01-03-01-002,01,03,01,002
10409717177,03.MP.I.50104,GRADE VENTILADOR N08 530MM PLASTICO N08,01-03-01-001,01,03,01,001
10409717289,03.MP.I.60703,"*HELICE ALUMINIO 4 PAS 24&quot; - EIXO 12,7 - ZF6-H100-P4-D12,7-SB",01-03-01-001,01,03,01,001
10409717289,03.MP.I.60703,"*HELICE ALUMINIO 4 PAS 24&quot; - EIXO 12,7 - ZF6-H100-P4-D12,7-SB",01-03-03-001,01,03,03,001
10409717285,03.MP.I.60701,"*HELICE ALUMINIO 4 PAS 19&quot; - EIXO 12,7 - ZF4.85-H1101-P4-D12,7-SB",01-05-03-001,01,05,03,001
10409717285,03.MP.I.60701,"*HELICE ALUMINIO 4 PAS 19&quot; - EIXO 12,7 - ZF4.85-H1101-P4-D12,7-SB",01-01-05-002,01,01,05,002
10485147821,03.MP.I.80058,*GRADE VENTILADOR PLASTICO 610MM N11.3.0 SOLAREAST - 32201001000201,01-02-05-001,01,02,05,001
10485147835,03.MP.I.80064,GRADE VENTILADOR N10.3.0 SOLAREAST FTi55 500MM 32201001000149,01-02-05-002,01,02,05,002
10437794560,03.MP.I.80042,HELICE 3 PAS FTi35 PLASTICO N09.3.0 SOLAREAST 429*119 13110002001369,01-03-05-002,01,03,05,002
10437794560,03.MP.I.80042,HELICE 3 PAS FTi35 PLASTICO N09.3.0 SOLAREAST 429*119 13110002001369,01-03-05-001,01,03,05,001
10409717626,03.MP.I.80040,*HELICE PLASTICO 3 PAS 455x151 - EIXO S/INFO - 13110002001368,01-01-07-001,01,01,07,001
10409717626,03.MP.I.80040,*HELICE PLASTICO 3 PAS 455x151 - EIXO S/INFO - 13110002001368,01-02-07-001,01,02,07,001
10429715334,03.MP.I.80041,*HELICE PLASTICO 3 PAS 560x139 - EIXO S/INFO - 13110002001370,01-02-07-002,01,02,07,002
10429715334,03.MP.I.80041,*HELICE PLASTICO 3 PAS 560x139 - EIXO S/INFO - 13110002001370,01-03-07-002,01,03,07,002
10722520960,03.MP.I.60706,*ENGENHARIA HELICE PLASTICO 3 PAS 580x190 - EIXO 12 - S/INFO,01-03-07-002,01,03,07,002
10722520960,03.MP.I.60706,*ENGENHARIA HELICE PLASTICO 3 PAS 580x190 - EIXO 12 - S/INFO,01-03-09-002,01,03,09,002
10520827683,BDC25A75PT,BANDEJA DE CONDENSACAO - FTi-25 35 45 55 75,03-02-03-002,03,02,03,002
10463976147,09.MC.N.10631,PLACA ESP. ACUSTICA 50X50X2 - C/ RETARD. CHAMAS,02-02-06-001,02,02,06,001
10717619427,07.MP.N.31401,EVA 30MM - J5165,01-02-11-002,01,02,11,002
10409713086,07.MP.N.31400,EVA 8MM - J5159,02-01-08-001,02,01,08,001
10544481322,03.MP.N.50011,CUBA PRETA ISOLAMENTO MOTOR VENTILADOR INVERTER NACIONAL,02-01-05-002,02,01,05,002
10511516577,07.MP.N.50401,FELTRO ADESIVADO DE 8 A 10 MM DE ESPESSURA COM ALUMINIO GROSSO (SEM BETUME),01-02-15-002,01,02,15,002
10409717420,05.MP.I.62013,VALVULA REVERSAO GAS QUENTE TAMANHO G 60000 BTU 4 WAY VALVE - DSF35-1 5/8 * 7/8,01-03-15-002,01,03,15,002
10409717426,04.MP.I.62016,BOBINA SOLENOIDE REVERSAO 4 VIAS 40CM LONGTHERM,01-04-24-PTL,01,04,24,PTL
10409717422,05.MP.I.62014,VALVULA REVERSAO GAS QUENTE TAMANHO P 36000 BTU 4WAY VALVE - DHF-9 3/8 * 1/2,01-03-15-001,01,03,15,001
10409717468,05.MP.I.70200,FILTRO SECADOR CONEXAO 1/2 DML164S - FILTER DRIER DML164S 1/2,01-01-15-001,01,01,15,001
10409717468,05.MP.I.70200,FILTRO SECADOR CONEXAO 1/2 DML164S - FILTER DRIER DML164S 1/2,01-01-15-002,01,01,15,002
10409717473,05.MP.I.70201,FILTRO SECADOR CONEXAO 1/2 - FILTER DRIER SDML304S 1/2,01-01-15-001,01,01,15,001
10409717475,05.MP.I.70202,FILTRO SECADOR CONEXAO 3/8 DML083S - FILTER DRIER SDML083S 3/8,01-02-15-002,01,02,15,002
10433344224,04.MP.I.80081,*BOBINA VALVULA REVERSAO 4 VIAS 150 CM SOLAREAST - 13080010000509,01-02-10-002,01,02,10,002
10409717323,05.MP.N.61102,"CURVA 90 COBRE 3/4 PAREDE MIN 1,0MM",01-02-19-M03,01,02,19,M03
10647160084,04.MP.I.52019,REATOR ELETRONICO 71000BTU SPB1-38150AA1 SMART POWER,01-03-16-001,01,03,16,001
10721615568,04.MP.I.51014,PLACA DISPLAY WIFI FTID V3 - 42WE,01-04-16-001,01,04,16,001
10437794419,04.MP.I.80380,PLACA ELETRONICA FTi45D MONO - 201-A19022G/14A/SVB140FCAMC/HET - 13080002000415,01-04-18-PTL,01,04,18,PTL
10409717406,07.MP.N.62006,TUBO TERMO RETRATIL 20 X 70 MM PRETO,01-02-21-001,01,02,21,001
10409711854,09.MC.N.10006,TARUGO PU 25MM - FURO 4MM - AFASTADOR,01-02-21-001,01,02,21,001
10409717481,05.MP.N.70302,JUNTA LOKRING 1/2,01-02-19-M02,01,02,19,M02
10409717477,05.MP.N.70300,INSERTO LOKRING 1/2,01-02-19-P03,01,02,19,P03
10409717881,07.MP.N.90517,SILICONE SIL TRADE SPRAY 300ML,01-03-21-001,01,03,21,001
10409717446,07.MP.N.70005,"ABRACADEIRA DE NYLON PRETA 4,8X280MM",01-03-21-P07,01,03,21,P07
10409717442,07.MP.N.70003,"ABRACADEIRA DE NYLON PRETA 2,5X100MM",01-03-21-P08,01,03,21,P08
10409717269,04.MP.N.60503,"CONECTOR SINDAL 2,5MM STECK",01-02-22-P03,01,02,22,P03
10409717970,07.MP.N.92001,COLA ADESIVO PVC KRONA 175G COM PINCEL APLICADO KRONA,01-03-21-001,01,03,21,001
10650508309,07.MP.I.70112,MANGUEIRA DE DRENAGEM PARA BOMBA DE CALOR,01-04-21-001,01,04,21,001
10650510474,07.MP.I.70113,BLOCO DE BORRACHA EM U ANTI VIBRACAO PARA BOMBA DE CALOR,01-04-21-001,01,04,21,001
10650506852,07.MP.I.70111,CONECTOR DE MANGUEIRA DE DRENAGEM 4.5X3CM - 13110002000272,01-03-18-001,01,03,18,001
10650512527,13.KT.I.70114,KIT DE ACESSORIOS DE INSTALACAO FTI,01-04-19-001,01,04,19,001
10485922130,07.MP.I.80102,"CAIXA DE PROTECAO DA PLACA FTI25,35 - SEM CÓDIGO CHINA",01-06-22-002,01,06,22,002
10485147882,03.MP.I.80070,TAMPA SUPERIOR N10.3.0 SOLAREAST FTi55 32201001000147,02-05-02-001,02,05,02,001
10485147840,03.MP.I.80065,PAINEL LATERAL DIREITO N10.3.0 SOLAREAST FTi55 32201001000145,02-05-02-002,02,05,02,002
10542356176,03.MP.I.80369,SUPORTE METAL MOTOR VENTILADOR N10.3.0 SOLAREAST FTi55 32200011000249,02-04-02-001,02,04,02,001
10542356174,03.MP.I.80085,SUPORTE METAL PAINEL LATERAL ESQUERDO N10.3.0 SOLAREAST FTi55 32200011000253,02-04-02-001,02,04,02,001
10485147763,03.MP.I.80046,DIVISORIA COMPRESSOR METAL SOLAREAST FTi55 32200009000110,02-04-04-001,02,04,04,001
10542356178,03.MP.I.80370,SUPORTE METAL TAMPA SUPERIOR N10.3.0 FTi55 SOLAREAST 32200018000388,02-04-04-001,02,04,04,001
10542356191,03.MP.I.80374,SUPORTE METAL PAINEL LATERAL DIREITO N10.3.0 FTi55 SOLAREAST 32200011000251,02-04-04-001,02,04,04,001
10542356186,03.MP.I.80372,CAIXA METAL QUADRO ELETRICO N10.3.0 FTi55 SOLAREAST 32200012000316,02-03-02-001,02,03,02,001
10542356182,03.MP.I.80371,TAMPA METAL CAIXA ELETRICA N10.3.0 SOLAREAST FTi55 32200012000317,02-03-02-001,02,03,02,001
10542356176,03.MP.I.80369,SUPORTE METAL MOTOR VENTILADOR N10.3.0 SOLAREAST FTi55 32200011000249,02-03-02-002,02,03,02,002
10485147699,03.MP.I.80032,PAINEL LATERAL ESQUERDO N10.3.0 SOLAREAST FTi55 32201001000146,02-01-04-001,02,05,04,001
10485147699,03.MP.I.80032,PAINEL LATERAL ESQUERDO N10.3.0 SOLAREAST FTi55 32201001000146,02-01-04-002,02,05,04,002
10542356191,03.MP.I.80374,SUPORTE METAL PAINEL LATERAL DIREITO N10.3.0 FTi55 SOLAREAST 32200011000251,02-04-06-001,02,04,06,001
10542356174,03.MP.I.80085,SUPORTE METAL PAINEL LATERAL ESQUERDO N10.3.0 SOLAREAST FTi55 32200011000253,02-04-06-001,02,04,06,001
10542356178,03.MP.I.80370,SUPORTE METAL TAMPA SUPERIOR N10.3.0 FTi55 SOLAREAST 32200018000388,02-04-06-001,02,04,06,001
10485147893,03.MP.I.80072,PAINEL FRONTAL VENTILADOR N10.3.0 SOLAREAST FTi55 32201001000494,02-04-08-002,02,04,08,002
10485147893,03.MP.I.80072,PAINEL FRONTAL VENTILADOR N10.3.0 SOLAREAST FTi55 32201001000494,02-04-08-002,02,04,08,002
10485147882,03.MP.I.80070,TAMPA SUPERIOR N10.3.0 SOLAREAST FTi55 32201001000147,02-03-04-001,02,03,04,001
10485147840,03.MP.I.80065,PAINEL LATERAL DIREITO N10.3.0 SOLAREAST FTi55 32201001000145,02-03-04-001,02,03,04,001
10485147719,03.MP.I.80034,TAMPA PAINEL LATERAL DIREITO SOLAREAST N09 N10 N11 32201001000179,02-03-04-001,02,03,04,001
10485147893,03.MP.I.80072,PAINEL FRONTAL VENTILADOR N10.3.0 SOLAREAST FTi55 32201001000494,02-05-06-001,02,05,06,001
10485147893,03.MP.I.80072,PAINEL FRONTAL VENTILADOR N10.3.0 SOLAREAST FTi55 32201001000494,02-05-06-002,02,05,06,002
10485147893,03.MP.I.80072,PAINEL FRONTAL VENTILADOR N10.3.0 SOLAREAST FTi55 32201001000494,02-04-10-001,02,04,10,001
10485147893,03.MP.I.80072,PAINEL FRONTAL VENTILADOR N10.3.0 SOLAREAST FTi55 32201001000494,02-04-12-002,02,04,12,002
10485147893,03.MP.I.80072,PAINEL FRONTAL VENTILADOR N10.3.0 SOLAREAST FTi55 32201001000494,02-04-10-002,02,04,10,002
10485147893,03.MP.I.80072,PAINEL FRONTAL VENTILADOR N10.3.0 SOLAREAST FTi55 32201001000494,02-04-12-002,02,04,12,002
10485147893,03.MP.I.80072,PAINEL FRONTAL VENTILADOR N10.3.0 SOLAREAST FTi55 32201001000494,02-05-08-001,02,05,08,001
10542356186,03.MP.I.80372,CAIXA METAL QUADRO ELETRICO N10.3.0 FTi55 SOLAREAST 32200012000316,02-05-08-002,02,05,08,002
10542356182,03.MP.I.80371,TAMPA METAL CAIXA ELETRICA N10.3.0 SOLAREAST FTi55 32200012000317,02-05-08-002,02,05,08,002
10485147863,03.MP.I.80068,PAINEL LATERAL DIREITO N09.3.0 SOLAREAST FTi35 32201001000158,02-01-14-001,02,01,14,001
10485147868,03.MP.I.80069,TAMPA SUPERIOR N09.3.0 SOLAREAST FTi35 32201001000160,02-01-14-001,02,01,14,001
10485147711,03.MP.I.80033,PAINEL LATERAL ESQUERDO N09.3.0 SOLAREAST FTi35 32201001000159,02-01-14-001,02,01,14,001
10468408371,03.MP.I.80104,GRADE VENTILADOR N09.3.0 SOLAREAST FTi35 460MM 32201001000162,02-01-14-001,02,01,14,001
10718686053,03.MP.N.61413,FIXADOR SUPORTE METAL MOTOR VENTILADOR FT50 N08 GALVANIZADO E PINTADO 33192,02-01-18-001,02,01,18,001
10718684028,03.MP.N.61412,SUPORTE METAL FIXACAO CONDENSADORA FT50 N08 GALVANIZADO PINTADO 33192,02-01-18-001,02,01,18,001
10409717357,03.MP.N.61400,SUPORTE METAL PASSAGEM CABOS FT50 N08 GALVANIZADO PINTADO 33192,02-01-18-001,02,01,18,001
10409717359,03.MP.N.61401,SUPORTE METAL MOTOR VENTILADOR FT50 N08 GALVANIZADO E PINTADO 33192/1,02-01-18-001,02,01,18,001
10424944421,03.MP.N.50318,PAINEL FRONTAL VENTILADOR N08.3.1 FTi55 BR NACIONAL ABS PRETO FOSCO,02-01-16-002,02,01,16,002
10714269130,03.MP.N.61410,OBSOLETO - BASE METAL FIXACAO COMPRESSOR INVERTER FTi-35BR N08 ZINCADO PINTADO 37113,02-01-18-001,02,01,18,001
10714191988,03.MP.N.61407,FIXADOR SUPORTE METAL MOTOR VENTILADOR INVERTER N08 ZINCADO E PINTADO 37113-1/2,02-01-18-001,02,01,18,001
10714204312,03.MP.N.61409,SUPORTE METAL PASSAGEM DE CABOS INVERTER N08 ZINCADO PINTADO 37113-1/3,02-01-18-001,02,01,18,001
10714303869,03.MP.N.61411,SUPORTE METAL FIXACAO DA CONDENSADORA N08 ZINCADO PINTADO 37113-1/4,02-01-18-001,02,01,18,001
10412633083,03.MP.N.61402,SUPORTE METAL MOTOR VENTILADOR INVERTER N08 ZINCADO E PINTADO 37113-1 1,02-02-16-001,02,02,16,001
10714251050,03.MP.N.61408,OBSOLETO -  DIVISORIA COMPRESSOR METAL INVERTER N08 ZINCADO PINTADO 37113-2,02-02-16-001,02,02,16,001
10424938615,03.MP.N.50209,PAINEL LATERAL DIREITO N08.3.1 FTi55 BR NACIONAL ABS PRETO FOSCO,02-02-16-002,02,02,16,002
10534375017,03.MP.N.61405,CAIXA METAL QUADRO ELETRICA FTi55 BR INVERTER,02-02-18-002,02,02,18,002
10409717205,03.MP.N.50308,TAMPA SUPERIOR N08.3.1 N08.3.0 FT50/FTi55 ABS PRETO FOSCO,02-02-18-001,02,02,18,001
10490364401,03.MP.N.50009,BASE DE ABS N10.3.0 ROTOBRASIL FTi55 POLIETILENO PRETO,02-05-10-001,02,05,10,001
10490364401,03.MP.N.50009,BASE DE ABS N10.3.0 ROTOBRASIL FTi55 POLIETILENO PRETO,02-05-10-002,02,05,10,002
10502558824,03.MP.N.50211,PAINEL FRONTAL N03.3.2 FTi145 ABS PRETO FOSCO,02-01-20-001,02,01,20,001
10502560830,03.MP.N.50212,PAINEL FRONTAL N03.3.3 FTi115 ABS PRETO FOSCO,02-02-20-001,02,02,20,001
10701346045,03.MP.N.50201,PAINEL FRONTAL N03.3.4 FTi185 ABS PRETO FOSCO,02-02-20-002,02,02,20,002
10467716545,03.MP.N.50206,OBSOLETO PAINEL FRONTAL N03.0.2 FTi145DBR ABS BRANCO,02-03-20-002,02,03,20,002
10467715989,03.MP.N.50316,OBSOLETO TAMPA SUPERIOR VENTILADOR N03.0.1 FTi BR 115 145 ABS BRANCO,02-03-20-002,02,03,20,002
10502532510,03.MP.N.50319,TAMPA SUPERIOR VENTILADOR N03.3.0 FTi BR 115 145 ABS PRETO FOSCO,02-02-22-002,02,02,22,002
10502564067,03.MP.N.50003,BASE N03.3.0 ABS PRETO FOSCO - FTi145 FT160,02-01-22-001,02,01,22,001
10502532510,03.MP.N.50319,TAMPA SUPERIOR VENTILADOR N03.3.0 FTi BR 115 145 ABS PRETO FOSCO,02-02-22-001,02,02,22,001
10502564067,03.MP.N.50003,BASE N03.3.0 ABS PRETO FOSCO - FTi145 FT160,02-01-22-002,02,01,22,002
10409717203,03.MP.N.50307,TAMPA SUPERIOR N07.3.0 FT20 ABS PRETO FOSCO,02-01-22-002,02,01,22,002
10409717171,03.MP.N.50005,BASE N07.3.0 FT20 ABS PRETO FOSCO,02-01-22-002,02,01,22,002
10409717165,03.MP.N.50000,BASE N01.0.0 FT40 ABS BRANCO,02-01-17-001,02,01,17,001
10409717210,03.MP.N.50312,TAMPA SUPERIOR VENTILADOR N01.0.0 FT40 ABS BRANCO,02-03-14-002,02,03,14,002
10409717217,03.MP.N.50315,PAINEL FRONTAL VENTILADOR N07.3.1 FT20 ABS PRETO FOSCO,02-02-22-002,02,02,22,002
10409717185,03.MP.N.50202,PAINEL FRONTAL N01.0.0 FT40 ABS BRANCO,02-01-17-001,02,01,17,001
10409717208,03.MP.N.50310,PAINEL LATERAL ESQUERDO N07.3.0 FT20 ABS PRETO FOSCO,02-02-22-001,02,02,22,001
10409717193,03.MP.N.50207,PAINEL LATERAL DIREITO N07.3.0 FT20 ABS PRETO FOSCO,02-02-22-001,02,02,22,001
10641746367,03.MP.N.50210,PAINEL LATERAL DIREITO N08.3.0 FT50 ABS PRETO FOSCO,02-03-15-002,02,03,15,002
10409717167,03.MP.N.50001,OBSOLETO - BASE N02.0.0 FT80 ABS BRANCO,02-03-14-001,02,03,14,001
10409717183,03.MP.N.50200,OBSOLETO - PAINEL FRONTAL N03.0.0 FT160 ABS BRANCO,02-03-15-002,02,03,15,002
10409717189,03.MP.N.50204,OBSOLETO - PAINEL FRONTAL N02.0.0 FT80 ABS BRANCO,02-03-14-001,02,03,14,001
10706233906,03.MP.N.50004,*BASE N02.3.0 FT80 ABS PRETO FOSCO,02-01-20-002,02,01,20,002
10706234448,03.MP.N.50321,TAMPA SUPERIOR VENTILADOR N02.3.0 FT80 ABS PRETO FOSCO,02-01-20-001,02,01,20,001
10706234305,03.MP.N.50214,PAINEL FRONTAL N02.3.1 100 FT100 ABS PRETO FOSCO,02-01-15-001,02,01,15,001
10409717191,03.MP.N.50205,OBSOLETO - PAINEL FRONTAL N03.0.1 240 FT240 ABS BRANCO,02-01-17-002,02,01,17,002
10409717214,03.MP.N.50314,OBSOLETO - TAMPA SUPERIOR VENTILADOR N03.0.0 FT160 ABS BRANCO,02-02-15-001,02,02,15,001
10409717169,03.MP.N.50002,OBSOLETO - BASE N03.0.0 FT160 ABS BRANCO,02-04-15-002,02,04,15,002
10409717214,03.MP.N.50314,OBSOLETO - TAMPA SUPERIOR VENTILADOR N03.0.0 FT160 ABS BRANCO,02-02-15-002,02,02,15,002
10634437735,04.MP.I.71037,ENGENHARIA - COMPRESSOR SCROLL R410A/R32 130168BTUS/11890W TRI 380 SONYO 9CG118WA01,03-01-08-002,03,01,08,002
10634429751,04.MP.I.71036,ENGENHARIA - COMPRESSOR SCROLL R410A/R32 130168BTUS/11800W TRI 220V SONYO 9CG118QA01,03-01-10-001,03,01,10,001
10547897426,04.MP.I.71035,*COMPRESSOR DC INVERTER R32 71740BTU 58-400V MITSUBISHI LVB65FAEMC FTi 185L,03-01-14-001,03,01,14,001
10547897411,04.MP.I.71034,*COMPRESSOR DC INVERTER R32 59000BTU 41-415V MITSUBISHI MYB53FLVMC S/INF,03-01-12-002,03,01,12,002
10634370103,04.MP.I.80119,*COMPRESSOR DC INVERTER R32 66495BTU 150V CRSS C-8RZ580H3AAF S/INF,03-01-10-002,03,01,10,002
10431268146,04.MP.I.80112,#COMPRESSOR DC INVERTER R32 38795BTU 52-410V MITSUBISHI MVB33FKQMC-L FTi105D/FTi105L,03-01-17-001,03,01,17,001
10431266959,05.MP.I.80090,OBSOLETO - CONDENSADORA FTI105 SOLAREAST 30KW PVC/12.7/140- 13170005000027,02-05-07-002,02,05,07,002
10431268136,04.MP.I.80111,COMPRESSOR FTi75 DC INVERTER R32 24000BTU/7100W Mitsubishi/SVB220FLGMC-L - 13160001000123,03-02-18-001,03,02,18,001
10409717624,04.MP.I.80110,COMPRESSOR FTi55 DC INVERTER R32 18530BTU/5450W Mitsubishi/SVB172FNPMC - 13160001000122,03-02-18-002,03,02,18,002
10409717624,04.MP.I.80110,COMPRESSOR FTi55 DC INVERTER R32 18530BTU/5450W Mitsubishi/SVB172FNPMC - 13160001000122,03-01-18-002,03,01,18,002
10431266997,05.MP.I.80091,"OBSOLETO - CONDENSADORA FTI55,75 SOLAREAST 21KW PVC/12.7/140 - 13170005000023",02-05-13-001,02,05,13,001
10433382809,04.MP.I.80114,#COMPRESSOR DC INVERTER R32 15470BTU 48-190V MITSUBISHI SVB140FCAMC FTi45,03-02-20-001,03,02,20,001
10437794398,04.MP.I.80115,COMPRESSOR 25D DC INVERTER R32 11220BTU/3300W MONO Mitsubishi/KVB102FEUMC/ - 13160001000132,03-02-20-001,03,02,20,001
10437794665,05.MP.I.80094,OBSOLETO - CONDENSADORA FTI45 SOLAREAST 13KW PVC/12.7 /140- 13170005000040,02-05-11-001,02,05,11,001
10520877939,04.MP.I.80118,COMPRESSOR FTi35D DC INVERTER R32 Mitsubishi /SVB120FCWMC/POSTERIOR JUNHO - 13160001000214,03-02-20-002,03,02,20,002
10520877939,04.MP.I.80118,#COMPRESSOR DC INVERTER R32 12914BTU 48-200V MITSUBISHI SVB120FCWMC FTi35D,03-01-20-002,03,01,20,002
10524922559,04.MP.N.71032,COMPRESSOR ROTATIVO MONO 220V 12000BTU R410A - PA118M1C-3FZU,03-03-20-001,03,03,20,001
10519632853,04.MP.N.71031,#COMPRESSOR ROTATIVO R410A 18000BTU MONO 220V GMCC PA170M2A-3 FT25,03-02-20-001,03,02,20,001
10409717545,04.MP.I.71019,COMPRESSOR FT40 ROTATIVO MONO 220V 30000BTU R410A COD: ASH280DG-C8DU,03-01-20-001,03,01,20,001
10437794656,05.MP.I.80093,OBSOLETO - CONDENSADORA FTI25 SOLAREAST 7KW PVC/12.7/140- 13170005000038,02-05-09-002,02,05,09,002
10437794648,05.MP.I.80092,OBSOLETO - CONDENSADORA FTI35 SOLAREAST 10KW PVC/12.7/140- 13170005000026,02-05-09-001,02,05,09,001
10409713062,08.EM.N.31005,CAIXA PAPELAO FT80 N02 700X700X680 COD 14145-1,04-01-10-001,04,01,10,001
10409713052,08.EM.N.31000,CAIXA PAPELAO FT100 N02.X.1 700X700X780 COD 14152-1,04-03-02-002,04,03,02,002
10409713074,08.EM.N.31200,"PLASTICO BOLHA 1,20X100 G21",04-01-08-001,04,01,08,001
10409713076,08.EM.N.31201,PLASTICO BOLHA 40X100 G21,04-01-08-001,04,01,08,001
10409713078,08.EM.N.31202,PLASTICO BOLHA 80X100 G21,04-01-08-001,04,01,08,001
10547923831,07.MP.N.50402,TELA PROTECAO MALHA 11MM PRETA 100CM X 5000CM MALHA,02-01-06-001,02,01,06,001
10409717221,07.MP.N.50400,TELA PROTECAO MALHA 11MM PRETA 120CM X 5000CM MALHA,02-01-06-001,02,01,06,001
10409717402,07.MP.N.62004,"TUBO ISOLANTE ELASTOMERICO CLASS1 ARMAFLEX 1/2 12,7MM PAREDE 9MM",02-01-02-001,02,01,02,001
10409717400,07.MP.N.62003,TUBO ISOLANTE ELASTOMERICO CLASS1 ARMAFLEX (1.7/8-48MM) PAREDE 9MM,02-01-02-001,02,01,02,001
10409717398,07.MP.N.62002,TUBO ISOLANTE (3/4-19MM) PAREDE 9MM ELASTOMERICO,02-01-02-001,02,01,02,001
10409717555,04.MP.N.71024,(OBSOLETO) COMPRESSOR FT70B/D SCROLL MONO 220V 36000BTU R410A COD: ZP36K5E-PFV-600,03-01-08-001,03,01,08,001
10738453000,05.MP.I.62028,"ENGENHARIA - TUBO TITANIO 5/8 POL GR1 15,88*0,8 mm",03-03-11-001,03,03,11,001
10409717519,04.MP.N.71006,#COMPRESSOR SCROLL R410A 31000BTU MONO 220V COPELAND ZP31KSEPFV FH40,03-02-16-002,03,02,16,002
10409717519,04.MP.N.71006,#COMPRESSOR SCROLL R410A 31000BTU MONO 220V COPELAND ZP31KSEPFV FH40,03-02-16-001,03,02,16,001
10409717539,04.MP.I.71016,COMPRESSOR FT20B ROTATIVO MONO 220V 15000BTU R410A COD: PA150G1C-3FTU1,03-03-18-001,03,03,18,001
10409713054,08.EM.N.31001,CAIXA PAPELAO FT160 N03 930X930X900 COD 16420-1,04-01-02-001,04,01,02,001
10409713054,08.EM.N.31001,CAIXA PAPELAO FT160 N03 930X930X900 COD 16420-1,04-02-02-001,04,02,02,001
10409713060,08.EM.N.31004,CAIXA PAPELAO FT50 N08 940X520X800 COD. 20280-1,04-01-06-001,04,01,06,001
10409713066,08.EM.N.31007,FUNDO PAPELAO FT40 607X607X150 COD 10414-1,04-02-02-001,04,02,02,001
10409713056,08.EM.N.31002,CAIXA PAPELAO FT20 N07 690X450X520 COD 13870-1,04-03-04-001,04,03,04,001
10409713064,08.EM.N.31006,FUNDO PAPELAO FT20 700X460X150 COD 13874-1,04-03-04-002,04,03,04,002
10488313754,02.MP.I.40008,UNIAO 40MM PVC PVC PRETO,03-03-02-001,03,03,02,001
10488312844,02.MP.I.40006,BUCHA REDUCAO 40X25  PVC PRETO,04-02-06-002,04,02,06,002
10488314021,02.MP.I.40009,UNIAO 50MM PVC PRETO,04-03-06-001,04,03,06,001
10409717459,02.MP.N.70105,"UNIAO 50MM MARROM SOLDAVEL PVC KRONA 7,5Kgf/cm2 - FT",02-01-04-G01,02,01,04,G01
10488315210,02.MP.I.40011,TUBO PN16 50MM 40MM BARRA 4M PVC PRETO,04-01-08-001,04,01,08,001
10488314858,02.MP.I.40010,TUBO PN16 40MM  BARRA 4M PVC PRETO,01-01-25-001,01,01,25,001
10488307456,02.MP.I.40001,CURVA 90 40MM PVC PRETO,04-02-08-001,04,02,08,001
10488313629,02.MP.I.40007,BUCHA REDUCAO 50X25  PVC PRETO,04-03-08-001,04,03,08,001
10488308486,02.MP.I.40002,CURVA 90 50MM PVC PRETO,04-03-08-002,04,03,08,002
10431267240,02.MP.I.80023,UNIAO 50MM BRANCA FTI IMPORTADA 50*97-1.5&amp;amp;quot;Male /PVC/White/Metric - 13070005003259,01-01-15-001,01,01,15,001
10431267240,02.MP.I.80023,UNIAO 50MM BRANCA FTI IMPORTADA 50*97-1.5&amp;amp;quot;Male /PVC/White/Metric - 13070005003259,02-02-06-002,02,02,06,002
10409717309,07.MP.I.60902,PRENSA CABO NYLON 3/4 GG / PG-24,04-01-08-001,04,01,08,001
10409717305,07.MP.I.60900,PRENSA CABO NYLON PG-N09 P,04-01-08-002,04,01,08,002
10488312380,02.MP.I.40005,ADPTADOR 25X3/4 PVC PRETO,04-03-10-001,04,03,10,001
10409717412,05.MP.I.62009,TUBO TITANIO 1/2 - Gr1 ASTM B338 Titanium Welded Tube - ¦12.7*0. 8*Coil,04-01-12-002,04,01,12,002
10409717771,04.MP.N.90343,CHICOTE MACHO SENSOR DE FLUXO E TEMPERATURA / UNIVERSAL 007,01-02-20-M01,01,02,20,M01
10409717767,04.MP.N.90341,CHICOTE MACHO PLACA PRESSOSTATOS FT60 A 180 029,01-02-20-M02,01,02,20,M02
10601587649,03.MP.N.61404,CAIXA METAL ELETRICA FTi145 BR - INVERTER NACIONAL - KIT,02-01-14-002,02,01,14,002
10523242171,04.MP.I.80215,PLACA ELETRONICA 35D MONO - SVB120FCWMC-A19017B-9A-HET/POSTERIOR JUNHO - 13080014000003,01-05-21-001,01,05,21,001
10431263147,05.MP.I.80045,"VALVULA REVERSAO 60.000 BTU FTI105,125 DSF-20-2230/ - 13070002001183",01-05-17-001,01,05,17,001
10656443234,05.MP.I.80088,"*CORPO VALVULA EXPANSAO FTI45,55 DPF1.65C/B014 - 13170002000070",01-03-24-P05,01,03,24,P05
10409717557,04.MP.N.71025,(OBSOLETO) COMPRESSOR FT70F/H SCROLL TRI 220V 36000BTUS R410A COD: ZP34K5E-TF5-622,03-01-06-002,03,01,06,002
10409717559,04.MP.N.71026,(OBSOLETO )COMPRESSOR FT70J/L SCROLL TRI 380V 36000BTUS R410A COD: CSBP120H39A / ZP34K5E-TFD-622,03-01-06-002,03,01,06,002
10409717559,04.MP.N.71026,OBSOLETO -COMPRESSOR FT70J/L SCROLL TRI 380V 36000BTUS R410A COD: CSBP120H39A / ZP34K5E-TFD-622,03-01-06-001,03,01,06,001
10409717549,04.MP.N.71021,#COMPRESSOR SCROLL R22 36000BTU MONO 220V PANASONIC CSBR120H16A FT60B/D,03-01-06-002,03,01,06,002
10409717555,04.MP.N.71024,(OBSOLETO) COMPRESSOR FT70B/D SCROLL MONO 220V 36000BTU R410A COD: ZP36K5E-PFV-600,03-01-06-002,03,01,06,002
10409717551,04.MP.N.71022,#COMPRESSOR SCROLL R22 36000BTU TRI 220V PANASONIC CSB263H6C FT60F/H,03-01-06-001,03,01,06,001
10409717551,04.MP.N.71022,#COMPRESSOR SCROLL R22 36000BTU TRI 220V PANASONIC CSB263H6C FT60F/H,03-01-04-001,03,01,04,001
10409717553,04.MP.N.71023,#COMPRESSOR SCROLL R22 36000BTU TRI 380V PANASONIC CSB263H9A FT60J/L,03-01-06-001,03,01,06,001
10409717553,04.MP.N.71023,#COMPRESSOR SCROLL R22 36000BTU TRI 380V PANASONIC CSB263H9A FT60J/L,03-01-04-002,03,01,04,002
10409717513,04.MP.N.71003,OBSOLETO - COMPRESSOR FH160J/L SCROLL TRI 380V 83000BTUS R410A COD: ZP83KCE-TF7-522,03-01-13-001,03,01,13,001
10409717511,04.MP.N.71002,OBSOLETO - COMPRESSOR FH160F/H SCROLL TRI 220V 83000BTUS- R410A COD: ZP83KCE-TF5-522,03-01-13-001,03,01,13,001
10409712361,09.MC.N.10232,FITA CREPE BLUE SCOTCH 3M 24mm x 50M,01-03-21-B30,01,03,21,B30
10450074698,06.MP.N.90718,"PARAFUSO 4,2X16 CABECA CHATA PHILLIPS INOX AUTO ATARRAXANTE",01-02-21-B14,01,02,21,B14
10409717925,06.MP.N.90801,PORCA M4 SEXTAVADA INOX BITOLA 4MM CHAVE 7MM ROSCA MA,01-02-21-B09,01,02,21,B09
10409717394,07.MP.N.62000,"TUBO CORRUGADO 12,7MM",02-01-04-001,02,01,04,001
10409717396,03.MP.N.62001,"TUBO CORRUGADO 7,5MM",02-01-04-001,02,01,04,001
10409717143,01.MP.N.30035,ADESIVO MEMBRANA PDX FRONTAL,01-02-19-M08,01,02,19,M08
10409717137,01.MP.N.30032,ADESIVO MEMBRANA DO BOTAO LATERAL DIREITO N08,01-02-19-M08,01,02,19,M08
10409717141,01.MP.N.30034,ADESIVO MEMBRANA MTZ FRONTAL,01-02-19-M08,01,02,19,M08
10409717145,01.MP.N.30036,ADESIVO MEMBRANA MTZ FRONTAL N08 FT50/70 VISOR TOUCH,01-02-19-M08,01,02,19,M08
10409717147,01.MP.N.30037,ADESIVO MEMBRANA PDX FRONTAL N08 FT50/70 VISOR PDX,01-01-19-M08,01,01,19,M08
10409717139,01.MP.N.30033,ADESIVO MEMBRANA MTZ FRONTAL - QD EXT,01-02-19-M08,01,02,19,M08
10453882280,02.MP.N.62024,UNIAO FH REGISTRO ESFERA MISTO 40 X 1.1/4 - PPR - REM40114,02-01-04-G3,02,01,04,G3
10409717773,04.MP.N.90344,CHICOTE RELE PLACA BOMBA/COMPRESSOR MONOFASICO 004A,01-03-20-P01,01,03,20,P01
10409717775,04.MP.N.90345,CHICOTE RELE PLACA BOMBA/COMPRESSOR TRIFASICO 004B,01-03-20-P02,01,03,20,P02
10494794703,03.MP.N.61403,SUPORTE MOTOR VENTILADOR ARANHA INVERTER BR FTi115 FTi145,02-01-07-002,02,01,07,002
10409717235,07.MP.N.60204,CAIXA QUADRO EXTERNO SOBREPOR PEQUENA PBO 190 - PATOLA,01-03-13-001,01,03,13,001
10409717231,07.MP.N.60201,CAIXA DE PASSAGEM TIGRE CPT15 EMBUTIR DE PAREDE,01-03-13-001,01,03,13,001
10409717229,07.MP.N.60200,CAIXA APARENTE PROTECAO PLACA MTZ1273N 4X2 SCHNEIDER,01-03-13-001,01,03,13,001
10409717233,07.MP.N.60203,CAIXA QUADRO DE COMANDO EXTERNO PBO 404 GRANDE PARA QUADRO ESPECIAL - PATOLA,01-03-13-001,01,03,13,001
10409717371,04.MP.N.61603,OBSOLETO RELE SEQUENCIA 220-240V,01-03-13-001,01,03,13,001
10409717365,04.MP.N.61600,RELE SEQUENCIA DE FASE WEG - RMW17-SF01D90 - 208V A 480V,01-03-13-001,01,03,13,001
10409717369,04.MP.N.61602,OBSOLETO - RELE SEQUENCIA/PROTETOR FASE WEG RPW-FSFD70 / RMW17-FSF01D97 380 - 480V,01-03-13-001,01,03,13,001
10409717373,04.MP.N.61604,RELE TEMPORIZADOR RTW17 30/300 SEGUNDOS,01-01-24-001,01,01,24,001
10685186587,04.MP.N.71039,#COMPRESSOR SCROLL R410A 49000BTU MONO 220V COPELAND ZP49KUEPFV502 FH80B,03-01-16-001,03,01,16,001
10409717416,02.MP.N.62011,UNIAO FH 32MM PPR FH40/FH50 DN32 **(MARCA TIGRE)**,04-02-08-002,04,02,08,002
10811405502,01.MP.N.70116,LUVA ELETRODUTO MASSTER ROSCAVEL PT 1 POL COD: 41114 - ENERGILUZ,04-02-06-002,04,02,06,002
10409717456,02.MP.N.70104,"UNIAO 40MM MARROM SOLDAVEL PVC KRONA 7,5Kgf/cm2 - FT",02-01-04-G02,02,01,04,G02
10409712120,03.MP.N.10126,CAP DE PVC MARROM SOLDAVEL 40MM USO: SUPORTE FT240,04-02-08-002,04,02,08,002
10409717297,04.MP.I.60805,MOTOR VENTILADOR 1/2CV 220V YDK-375-6A15 2 VELOCIDADES 15MFD,01-01-14-002,01,01,14,002
10646854128,04.MP.I.52010,DISPLAY CONTROLADOR MONOCROMATICO SMART POWER,01-04-16-001,01,04,16,001
10721613663,04.MP.I.51013,PLACA CONTROLADOR FT TOUCH/WIFI FTCU V4 TRI - 42WE,01-04-16-001,01,04,16,001
10721616697,04.MP.I.51015,VIDRO DISPLAY WIFI FTID V3 - 42WE,01-04-16-001,01,04,16,001
10646867720,04.MP.I.52017,OBSOLETO - CABO DE COMUNICACAO PLACA PRINCIPAL - PLACA VENTILADOR SMART POWER,01-03-16-M08,01,03,16,M08
10646858687,04.MP.I.52013,SENSOR TEMP. ENTRADA DE AGUA AZUL SMART POWER,01-03-16-M04,01,03,16,M04
10646863016,04.MP.I.52016,ENGENHARIA - SENSOR TEMP. TANK/BOOILER - NAO UTILIZADO EM PISCINA - SMART POWER,01-03-16-M07,01,03,16,M07
10646856576,04.MP.I.52012,CHICOTE COM 5 SENSORES SMART POWER,01-03-16-M03,01,03,16,M03
10646861521,04.MP.I.52015,SENSOR TEMP. GAS SAIDA CONDENSADORA VERDE SMART POWER,01-03-16-M06,01,03,16,M06
10646850593,04.MP.I.52009,CABO DE COMUNICACAO DISPLAY EXTENSAO 5M SMART POWER,01-03-16-M02,01,03,16,M02
10646859888,04.MP.I.52014,SENSOR TEMP. SAIDA DE AGUA QUENTE VERMELHO SMART POWER,01-03-16-M05,01,03,16,M05
10646844394,04.MP.I.52008,OBSOLETO - CABO DE COMUNICACAO PLACA PRINCIPAL - PLACA COMPRESSOR SMART POWER,01-03-16-M01,01,03,16,M01
10647160084,04.MP.I.52019,REATOR ELETRONICO 71000BTU SPB1-38150AA1 SMART POWER,01-02-16-001,01,02,16,001
10624777160,04.MC.I.52001,ENGENHARIA - DISPLAY CONTROLADOR COLORIDO C/ REGULAGEM BRILHO SMART POWER,01-02-16-001,01,02,16,001
10646806842,04.MP.I.52004,PLACA CONTROLADORA INVERTER SMART POWER,01-02-16-001,01,02,16,001
10646869361,04.MP.I.52018,PLACA VENTILADOR INVERTER 400W SMART POWER,01-02-16-001,01,02,16,001
10646814294,04.MP.I.52005,PLACA COMPRESSOR INVERTER TRI SPB1-38120AA1 SMART POWER,01-02-16-001,01,02,16,001
10646817373,04.MP.I.52006,PLACA COMPRESSOR INVERTER TRI SPB1-38150AA1 SMART POWER,01-01-16-001,01,01,16,001
10646817373,04.MP.I.52006,PLACA COMPRESSOR INVERTER TRI SPB1-38150AA1 SMART POWER,01-01-16-002,01,01,16,002
10602158560,07.MP.N.62034,"TUBO TERMORETRATIL 6,4 X 20 MM VERDE",01-02-18-001,01,02,18,001
10602157071,07.MP.N.62033,"TUBO TERMORETRATIL 6,4 X 20 MM VIOLETA",01-02-18-001,01,02,18,001
10634086239,07.MP.N.62029,"TUBO TERMORETRATIL 6,4 X 20 MM AZUL CLARO",01-02-18-001,01,02,18,001
10634086371,07.MP.N.62037,"TUBO TERMORETRATIL 6,4 X 20 MM MARROM",01-02-18-001,01,02,18,001
10602158780,07.MP.N.62035,"TUBO TERMORETRATIL 6,4 X 20 MM VERMELHO",01-02-18-001,01,02,18,001
10602156704,07.MP.N.62031,"TUBO TERMORETRATIL 6,4 X 20 MM AMARELO",01-02-18-001,01,02,18,001
10602158659,07.MP.N.62032,"TUBO TERMORETRATIL 6,4 X 20 MM PRETO",01-02-18-001,01,02,18,001
10602159025,07.MP.N.62038,"TUBO TERMORETRATIL 6,4 X 20 MM BRANCO",01-01-18-001,01,01,18,001
10421763890,07.MP.N.10818,"TUBO TERMORETRATIL 25,40 X 70 MM PRETO",01-02-18-001,01,02,18,001
10409712322,09.MC.N.10212,"ESPAGUETE TERMO RETRATIL 3,20MM",01-02-18-001,01,02,18,001
10409712328,09.MC.N.10215,"ESPAGUETE TERMO RETRATIL 6,40 MM PRETO",01-02-18-001,01,02,18,001
10510934871,07.MP.N.10819,"TUBO TERMORETRATIL 19,1 PRETO - T2Z0191PTM",01-03-17-001,01,03,17,001
10409717781,04.MP.N.90401,"CABO FLEXIVEL 0,50MM AZUL",01-01-18-001,01,01,18,001
10409717687,04.MP.N.90301,CHICOTE ALIMENTACAO FASE NEUTRO MTZ1273N MONO / UNIVERSAL 006,01-03-20-P03,01,03,20,P03
10409717749,04.MP.N.90332,CHICOTE FEMEA PRESSOSTATOS 400-350-35 FT60 A 180 030,01-02-20-M03,01,02,20,M03
10409717355,04.MP.N.61302,CHICOTE SENSOR DE FLUXO 50MM - G,01-02-20-M07,01,02,20,M07
10409717628,04.MP.I.80203,"VISOR IHM WIFI FTI25,35,45,55,75,105D TYWE3SWIFI/ - 130800007000726",01-03-20-G09,01,03,20,G09
10541059403,03.MP.I.80365,TAMPA DISPLAY PROTECAO CONTRA AGUA - 32201001000651,01-03-20-G07,01,03,20,G07
10409717255,07.MP.N.60400,"CHAPA ACM CORTADA 24,5X15,5 CHMON/CHTRI FT20 À FT180",01-01-22-001,01,01,22,001
10795722679,09.MP.N.60408,CHAPA ACM CORTADA 41X21cm FTi-145,01-01-22-001,01,01,22,001
10758505359,07.MP.N.60407,CHAPA ACM CORTADA 40x33 QUADRO FTi-165/185,01-01-22-001,01,01,22,001
10409717265,07.MP.N.60405,CHAPA ACM CORTADA 67X67CM SUPORTE FT240 CORTE TERCEIRIZADO,01-01-22-001,01,01,22,001
10660837420,07.MP.I.80383,PRESILHA DE CABO - CABLE CLIP - ITEM 23 - 13110002000281,01-02-22-P04,01,02,22,P04
10409717907,06.MP.N.90705,PARAFUSO 4X35 PARA MADEIRA CABECA PHILIPS BICROMATIZADO,01-02-21-P05,01,02,21,P05
10409717909,06.MP.N.90706,PARAFUSO 4X60 PARA MADEIRA CABECA CHATA PHILIPS BICROMATIZADO,01-02-21-P04,01,02,21,P04
10409717921,06.MP.N.90712,PARAFUSO 5/16X5 CABECA SEXTAVADA INOX ROSCA UNC,01-02-21-P03,01,02,21,P03
10409717919,06.MP.N.90711,PARAFUSO 5/16X3.1/2 CABECA SEXTAVADA INOX ROSCA UNC REF: FT40,01-02-21-P02,01,02,21,P02
10409717917,06.MP.N.90710,PARAFUSO 5/16X2.1/2 CABECA SEXTAVADA INOX ROSCA UNC,01-02-21-P01,01,02,21,P01
10409717337,05.MP.N.61109,"TUBO 5/8 COBRE FLEXIVEL PAREDE 1/32(0,79mm)",01-01-21-001,01,01,21,001
10645829940,05.MP.N.61121,"TUBO 5/32 COBRE FLEXIVEL PAREDE 1/32(0,79mm)",01-01-21-001,01,01,21,001
10542120800,05.MP.I.80366,FILTRO SEPARADOR / 9.52*0.75 / TP2M / 35kW FTI125D - 13070005004652,01-01-21-001,01,01,21,001
10409717675,06.MP.N.90004,ARRUELA M6 LISA ABA LARGA INOX POLIDO 304 - EXTERNO 18MM CISER: 77825100,01-02-21-B13,01,02,21,B13
10409717667,06.MP.N.90001,OBSOLETO - ARRUELA M8 LISA INOX POLIDO 304 - EXTERNO 16MM - CISER: 81435100,01-02-21-B07,01,02,21,B07
10409717665,06.MP.N.90000,ARRUELA M8 LISA ABA LARGA INOX POLIDO 304 - EXTERNO 24MM CISER: 77835100,01-02-21-B01,01,02,21,B01
10409717923,06.MP.N.90713,"PARAFUSO 6,3X19 CABECA PANELA PHILIPS INOX AUTO ATARRAXANTE",01-02-21-B02,01,02,21,B02
10788146990,06.MP.N.90727,PORCA 1/4 SEXTAVA TRAVANTE INOX,01-02-21-B03,01,02,21,B03
10409717927,06.MP.N.90802,PORCA 5/16 SEXTAVADA INOX BITOLA 5/16 CHAVE 1/2 ROSCA UNC,01-02-21-B04,01,02,21,B04
10490708323,06.MP.N.90720,PARAFUSO 1/4 x 3/4 ALLEN CIL INOX,01-02-21-B05,01,02,21,B05
10808456073,06.MP.N.90729,"PARAFUSO 3,5X19 CABECA CHATA PHILLIPS INOX AUTO ATARRAXANTE RI",01-02-21-B06,01,02,21,B06
10443185060,06.MP.N.90717,"PARAFUSO 4,2X19 CABECA PANELA PHILLIPS INOX AUTO ATARRAXANTE",01-02-21-B08,01,02,21,B08
10409717903,06.MP.N.90703,PARAFUSO 4X16 MAQUINA CABECA PANELA PHILLIPS INOX ROSCA MA,01-02-21-B11,01,02,21,B11
10409717915,06.MP.N.90709,PARAFUSO 5/16X1.1/4 CABECA SEXTAVADA INOX ROSCA UNC,01-02-21-B12,01,02,21,B12
10409717673,06.MP.N.90003,ARRUELA M4 LISA ABA LARGA INOX POLIDO 304 EXTERNA 11MM,01-02-21-B15,01,02,21,B15
10789074883,06.MP.N.90728,PARAFUSO 4X16 MAQUINA CABECA CHATA PHILLIPS INOX ROSCA MA,01-02-21-B16,01,02,21,B16
10409717905,06.MP.N.90704,PARAFUSO 4X25 MAQUINA CABECA PANELA PHILLIPS INOX ROSCA MA,01-02-21-B17,01,02,21,B17
10490733497,06.MP.N.90722,PARAFUSO 4X50 CABECA PANELA PHILLIPS INOX ROSCA METRICA,01-02-21-B18,01,02,21,B18
10409717877,07.MP.N.90515,PASTA TERMICA BISNAGA 50G,01-03-21-B19,01,03,21,B19
10756295050,07.MP.N.11020,COLA KISAFIX PVC NE COURO EXTRA KFPNEC/LT7 700g,01-03-21-B20,01,03,21,B20
10409717968,07.MP.N.92000,COLA ADESIVO 3M JUNTA DE MOTORES DIESEL BISNAGA 73G,01-03-21-B21,01,03,21,B21
10409717972,07.MP.N.92002,COLA INSTANTANEA 20G (TEKBOND-200),01-03-21-B22,01,03,21,B22
10409712382,09.MC.N.10241,FOLHA DE SCOTCH BRITE - VERMELHA,01-03-21-B23,01,03,21,B23
10484997742,09.MC.N.10738,FITA ISOLANTE 3M IMPERIAL SLIM 18X20MTS,01-03-21-B24,01,03,21,B24
10766863464,09.MC.N.11047,ADESIVO DE CONTATO TRADICIONAL S/ TOLUOL 730G CASCOLA COR AMARELADO,01-03-21-B25,01,03,21,B25
10409712209,09.MC.N.10164,COLA TRAVA ROSCA VERMELHA TORQUE ALTO 50G,01-03-21-B26,01,03,21,B26
10409717976,07.MP.N.92004,COLA VEDA ROSCA LIQUIDO 204 TEK BOND 100G,01-03-21-B27,01,03,21,B27
10409717974,07.MP.N.92003,COLA PARA LOKRING VULKAN VERMELHA 50ML,01-03-21-B28,01,03,21,B28
10409717444,07.MP.N.70004,"ABRACADEIRA DE NYLON PRETA 2,5X200MM",01-03-21-P06,01,03,21,P06
10692856031,07.MP.N.10873,TARUGO DE PU EM CONE PARA CONDENSADORA DE 1/2,01-04-21-P09,01,04,21,P09
10409712783,09.MC.N.10426,PROTETOR DA AMPOLA DO SENSOR DE FLUXO,01-03-20-P04,01,03,20,P04
10409712273,09.MC.N.10190,DISCO DE CORTE P/ INOX 4.1/2 HP2 DW84401 DEWALT,01-04-21-P11,01,04,21,P11
10811156865,09.MC.N.11086,DISCO FLAP ACABAMENTO GRAO 120,01-04-21-B33,01,04,21,B33
10811157491,09.MC.N.11087,DISCO FLAP ACABAMENTO GRAO 80,01-04-21-B34,01,04,21,B34
10811158463,09.MC.N.11088,DISCO FLAP ACABAMENTO GRAO 40,01-04-21-B35,01,04,21,B35
10740708734,09.MC.N.11014,THINNER 900ML,01-04-21-PTL,01,04,21,PTL
10807864493,09.MC.N.11076,OLEO LUBRIFICANTE MULTIUSO PARA MAQUINA DE PINTURA VONDER,01-04-21-B36,01,04,21,B36
10720022880,09.MC.N.10897,DISCO DE CORTE PARA METAL 355X3X25.4 MM A-89545-5 MAKITA,01-04-21-PTL,01,04,21,PTL
10409712879,09.MC.N.10469,SACO ZIP N08 170X230MM GUARDAR MANUAL,01-03-19-PRT,01,03,19,PRT
10409713072,08.EM.N.31102,FITA PARA EMPACOTAMENTO TRANSPARENTE 45MMX100MT,01-03-19-PRT,01,03,19,PRT
10409713070,08.EM.N.31101,FITA CUIDADO FRAGIL 48MMX100MT,01-03-19-PRT,01,03,19,PRT
10428774292,07.MP.N.90522,"SOLDA FOSCOPE GROSSA 2,4 X 460 MM - COM BANHO",01-04-21-PTL,01,04,21,PTL
10409717440,07.MP.N.70002,ABRACADEIRA DE NYLON PRETA 12X640 MM,01-04-21-001,01,04,21,001
10409713058,08.EM.N.31003,CAIXA PAPELAO FT40 N01 600X600X580 COD 14217-1,04-03-02-001,04,03,02,001
10409717452,05.MP.I.70102,MANGUEIRA SUCCAO DERIV PETROLEO 1.1/2 - HSH38 GRAY 1-1/2X 50M,04-01-10-001,04,01,10,001
10409717452,05.MP.I.70102,MANGUEIRA SUCCAO DERIV PETROLEO 1.1/2 - HSH38 GRAY 1-1/2X 50M,04-02-10-001,04,02,10,001
10409717452,05.MP.I.70102,MANGUEIRA SUCCAO DERIV PETROLEO 1.1/2 - HSH38 GRAY 1-1/2X 50M,04-03-10-001,04,03,10,001
10409717452,05.MP.I.70102,MANGUEIRA SUCCAO DERIV PETROLEO 1.1/2 - HSH38 GRAY 1-1/2X 50M,04-01-12-001,04,01,12,001
10409717452,05.MP.I.70102,MANGUEIRA SUCCAO DERIV PETROLEO 1.1/2 - HSH38 GRAY 1-1/2X 50M,04-02-12-001,04,02,12,001
10409717452,05.MP.I.70102,MANGUEIRA SUCCAO DERIV PETROLEO 1.1/2 - HSH38 GRAY 1-1/2X 50M,04-03-12-001,04,03,12,001
10409717454,05.MP.I.70103,MANGUEIRA SUCCAO DERIV PETROLEO 1.1/4 - HSH32 GRAY 1- 1/4X 50M,04-01-14-001,04,01,14,001
10409717454,05.MP.I.70103,MANGUEIRA SUCCAO DERIV PETROLEO 1.1/4 - HSH32 GRAY 1- 1/4X 50M,04-02-14-001,04,02,14,001
10409717454,05.MP.I.70103,MANGUEIRA SUCCAO DERIV PETROLEO 1.1/4 - HSH32 GRAY 1- 1/4X 50M,04-03-14-001,04,03,14,001
10409717454,05.MP.I.70103,MANGUEIRA SUCCAO DERIV PETROLEO 1.1/4 - HSH32 GRAY 1- 1/4X 50M,04-01-16-001,04,01,16,001
10409717454,05.MP.I.70103,MANGUEIRA SUCCAO DERIV PETROLEO 1.1/4 - HSH32 GRAY 1- 1/4X 50M,04-02-16-001,04,02,16,001
10409717454,05.MP.I.70103,MANGUEIRA SUCCAO DERIV PETROLEO 1.1/4 - HSH32 GRAY 1- 1/4X 50M,04-03-16-001,04,03,16,001
10409712084,09.MC.N.10108,"CAIXA DE PAPELAO PARA SEDEX -20X14,5X07 MM",01-03-19-PRT,01,03,19,PRT
10409713068,08.EM.N.31100,FITA CINTA DE ARQUEAR PLASTICA PRETA 16MM,04-01-06-002,04,01,06,002
10491870262,08.EM.I.80237,CAIXA PAPELAO FTi-105/125 N11 1146X460X990 - 14100044000071,04-01-10-002,04,01,10,002
10491866595,08.EM.I.80238,CAIXA PAPELAO FTi-25/35 N09 930X400X800 - 14100044000059,03-03-01-001,03,03,01,001
10491867819,08.EM.I.80239,"CAIXA PAPELAO FTi-45/55/75 N10 990X435X867,5 - 14100044000053",04-02-04-002,04,02,04,002
10811327428,03.MP.N.70115,NIPLE DE PVC ROSCAVEL 1 POL,04-02-08-002,04,02,08,002
10409717535,04.MP.N.71014,#COMPRESSOR SCROLL R22 81000BTUS TRI 220V COPELAND ZR81KCTF5 FT180F/H,03-01-16-001,03,01,16,001
10634370103,04.MP.I.80119,COMPRESSOR DC INVERTER R32 66495BTU/19500W CRSS C-8RZ580H3AAF,03-01-15-001,03,01,15,001
10634370103,04.MP.I.80119,COMPRESSOR DC INVERTER R32 66495BTU/19500W CRSS C-8RZ580H3AAF,03-01-15-002,03,01,15,002
10409717521,04.MP.N.71007,#COMPRESSOR SCROLL R410A 48000BTU TRI 220V COPELAND ZP44KUETF5 FH80F/H,03-02-08-002,03,02,08,002
10409717515,04.MP.N.71004,#COMPRESSOR SCROLL R410A 72000BTUS TRI 220V COPELAND ZP72KCETF5 FH160F/FH240F,03-02-08-001,03,02,08,001
10537845902,04.MP.N.71040,COMPRESSOR FT240F/H UNICO SCROLL TRI 220 126300BTUS R22 - CSC753H6H,03-01-16-002,03,01,16,002
10409717539,04.MP.I.71016,#COMPRESSOR ROTATIVO R410A 15000BTU MONO 220V GMCC PA150G1C-3FTU1 FT20B,03-03-18-002,03,03,18,002
10734674412,07.MP.N.61414,HASTE SUPORTE CUBA ACUSTICA,02-01-08-002,02,01,08,002
10409717533,04.MP.N.71013,#COMPRESSOR SCROLL R22 75000BTU TRI 380V PANASONIC CSB453H9A FT160J/L,03-01-02-002,03,01,02,002
10409717595,05.MP.N.71114,CONDENSADORA FT60 V1,03-01-02-001,03,01,02,001
10409717579,05.MP.N.71106,CONDENSADORA FT100 V1,03-02-02-001,03,02,02,001
10409717593,05.MP.N.71113,CONDENSADORA FT40 V1,03-02-02-001,03,02,02,001
10810940745,PP.11083,FELTRO PREPARADO CIRCUNFERENCIA 35CM,02-02-08-002,02,02,08,002
10810941242,PP.11085,FELTRO PREPARADO 110 X 51 CM,02-02-08-002,02,02,08,002
10409717699,04.MP.N.90307,CHICOTE COMPRESSOR FT100F 019,01-03-13-001,01,03,13,001
10409717707,04.MP.N.90311,CHICOTE COMPRESSOR FT120B 043,01-03-13-001,01,03,13,001
10409717723,04.MP.N.90319,CHICOTE COMPRESSOR FT60/80F 035,01-03-13-001,01,03,13,001
10409717695,04.MP.N.90305,CHICOTE COMPRESSOR FH240J 036,01-03-13-001,01,03,13,001
10409717697,04.MP.N.90306,CHICOTE COMPRESSOR FT100B 018,01-03-13-001,01,03,13,001
10409717713,04.MP.N.90314,CHICOTE COMPRESSOR FT20/25/40 012,01-03-13-001,01,03,13,001
10409717529,04.MP.N.71011,#COMPRESSOR SCROLL R22 60000BTU TRI 380V PANASONIC CSB373H9A FT100J,03-02-06-002,03,02,06,002
10409717527,04.MP.N.71010,#COMPRESSOR SCROLL R22 60000BTU TRI 220V PANASONIC CSB373H6B FT100F/H,03-02-06-002,03,02,06,002
10409717565,04.MP.N.71029,#COMPRESSOR SCROLL R22 48000BTU TRI 380V PANASONIC CSB303H9A FT80J/L,03-02-06-001,03,02,06,001
10409717563,04.MP.N.71028,#COMPRESSOR SCROLL R22 48000BTU TRI 220V PANASONIC CSB303H6B FT80F/H,03-02-06-001,03,02,06,001
10437794413,04.MP.I.80117,#COMPRESSOR DC INVERTER R32 57526BTU 43-200V MITSUBISHI LNB53FCFMC FTi125D,03-01-14-001,03,01,14,001
10743184673,03.MP.N.50215,PAINEL FRONTAL N03.3.0 FT160 ABS PRETO,02-01-01-002,02,01,01,002
10706234953,03.MP.N.50322,TAMPA SUPERIOR VENTILADOR N03.3.1 FT160 ABS PRETO FOSCO,02-03-01-001,02,03,01,001
10706234953,03.MP.N.50322,TAMPA SUPERIOR VENTILADOR N03.3.1 FT160 ABS PRETO FOSCO,02-02-01-001,02,02,01,001
10706234953,03.MP.N.50322,TAMPA SUPERIOR VENTILADOR N03.3.1 FT160 ABS PRETO FOSCO,02-03-01-002,02,03,01,002
10706234953,03.MP.N.50322,TAMPA SUPERIOR VENTILADOR N03.3.1 FT160 ABS PRETO FOSCO,02-02-01-002,02,02,01,002
10743206477,03.MP.N.50216,PAINEL FRONTAL N03.3.1 240 FT240 ABS PRETO,02-01-03-002,02,01,03,002
10810940945,PP.11084,EVA 8MM PREPARADO CIRCUNFERENCIA 36CM,02-02-08-001,02,02,08,001
10409717183,03.MP.N.50200,OBSOLETO - PAINEL FRONTAL N03.0.0 FT160 ABS BRANCO,02-01-17-002,02,01,17,002
10409717191,03.MP.N.50205,OBSOLETO - PAINEL FRONTAL N03.0.1 240 FT240 ABS BRANCO,02-03-15-002,02,03,15,002
10409717214,03.MP.N.50314,OBSOLETO - TAMPA SUPERIOR VENTILADOR N03.0.0 FT160 ABS BRANCO,02-01-17-002,02,01,17,002
10409717212,03.MP.N.50313,OBSOLETO - TAMPA SUPERIOR VENTILADOR N02.0.0 FT80 ABS BRANCO,02-03-14-001,02,03,14,001
10409717165,03.MP.N.50000,BASE N01.0.0 FT40 ABS BRANCO,02-03-17-002,02,03,17,002
10409717185,03.MP.N.50202,PAINEL FRONTAL N01.0.0 FT40 ABS BRANCO,02-03-17-002,02,03,17,002
10409717173,03.MP.N.50006,BASE N08.3.0 FT50/FTi55 POLIETILENO PRETO (ROTOBRASIL C800344FVPT),02-01-22-001,02,01,22,001
10641747558,03.MP.N.50320,PAINEL FRONTAL VENTILADOR N08.3.0 FT50 ABS PRETO FOSCO,02-03-22-002,02,03,22,002
10467715989,03.MP.N.50316,OBSOLETO TAMPA SUPERIOR VENTILADOR N03.0.1 FTi BR 115 145 ABS BRANCO,02-03-15-001,02,03,15,001
10485147719,03.MP.I.80034,TAMPA PAINEL LATERAL DIREITO SOLAREAST N09 N10 N11 32201001000179,02-01-08-001,02,01,08,001
10409717179,03.MP.N.50106,GRADE VENTILADOR N02 580MM FERRO ZINCADO FT80,01-02-01-001,01,02,01,001
10409717626,03.MP.I.80040,HELICE 3 PAS FTi55 PLASTICO N10.3.0 SOLAREAST 455*151 13110002001368,01-01-07-002,01,01,07,002
10437794560,03.MP.I.80042,HELICE 3 PAS FTi35 PLASTICO N09.3.0 SOLAREAST 429*119 13110002001369,01-01-07-002,01,01,07,002
10429715334,03.MP.I.80041,HELICE 3 PAS FTi125 PLASTICO N11.3.0 SOLAREAST 560*139 13110002001370,01-01-07-002,01,01,07,002
10409717434,04.MP.N.62020,VISOR IHM MTZ - TOUCH DO CONJUNTO MTZ1273N/P706,01-01-13-002,01,01,13,002
10409717223,04.MP.I.60000,CHAVE COMUTADOR KNOB 2NA - 3 Position Selector Pushbutton CB2-ED33 2N/O BlackSwitch,01-05-19-002,01,05,19,002
10409717495,05.MP.N.70404,"ORIFICIO CALIBRADO 1 FURO X 3,00MM CAPILAR FT60/FT80",01-02-19-M01,01,02,19,M01
10807612971,05.MP.N.70412,"ORIFICIO CALIBRADO 1 FURO X 2,00MM",01-02-19-M01,01,02,19,M01
10409717503,05.MP.N.70408,"ORIFICIO CALIBRADO 1 FURO X 1,50MM METADE DELE 2,00MM CAPILAR FT25 FH40",01-02-19-M01,01,02,19,M01
10409717489,05.MP.N.70401,"ORIFICIO CALIBRADO 1 FURO x 1,50MM CAPILAR FT20",01-02-19-M01,01,02,19,M01
10409717493,05.MP.N.70403,"ORIFICIO CALIBRADO 3 FUROS x 1,50 MM CAPILAR FH100/240 FT160/180(R32)",01-02-19-M01,01,02,19,M01
10409717491,05.MP.N.70402,"ORIFICIO CALIBRADO 1 FURO x 2,5MM CAPILAR FT40/50/70 FH80",01-02-19-M01,01,02,19,M01
10409717505,05.MP.N.70409,"ORIFICIO CALIBRADO 3 FURO 1,50MM X 2 FUROS 2,00MM CAPILAR COMP 1 FT240",01-02-19-M01,01,02,19,M01
10409717487,05.MP.N.70400,ORIFICIO CALIBRADO SEM FURO CAPILAR,01-02-19-M01,01,02,19,M01
10409717479,05.MP.N.70301,INSERTO LOKRING 3/8,01-02-19-P02,01,02,19,P02
10409717483,05.MP.N.70303,JUNTA LOKRING 3/8,01-02-19-P02,01,02,19,P02
10409717485,05.MP.N.70304,JUNTA LOKRING C/ REDUCAO 3/8 PARA 1/2,01-02-19-M05,01,02,19,M05
10412613384,05.MP.N.61112,CURVA 90 COBRE 7/8 PAREDE MIN 1.2MM - SUCCAO FT60 A 240 C/ DEGELO FT120 A 240 S/ DEGELO FH100/160/,01-02-19-M04,01,02,19,M04
10740252453,07.MP.N.61122,LUVA REDUCAO COBRE 5/8 X 1/2,01-02-19-B03,01,02,19,B03
10446716998,07.MP.N.61115,LUVA REDUCAO COBRE 3/4 X 1/2,01-02-19-B02,01,02,19,B02
10409717329,07.MP.N.61105,LUVA REDUCAO COBRE 7/8 X 1/2 DESCARGA FT60 A 240 C/ DEGELO FH80 A 240 C/ DEGELO,01-02-19-B01,01,02,19,B01
10409717321,05.MP.N.61101,"OBSOLETO - CURVA 90 COBRE 1/2 PAREDE MIN 1,0MM",01-02-19-B04,01,02,19,B04
10767034318,01.MP.N.61123,MANIFOLD DE COBRE EM Y 3/8 PAREDE 0.79MM,01-02-19-B05,01,02,19,B05
10542540780,05.MP.N.61120,MANIFOLD DE COBRE EM Y 1/2,01-02-19-B08,01,02,19,B08
10782207429,05.MP.N.61124,TEE CONEXAO COBRE 5/8 PAREDE 0.91 MM - TP058,01-02-19-B07,01,02,19,B07
10550251860,05.MP.N.61118,TEE CONEXAO COBRE 3/4 PAREDE 0.79 MM - TP034,01-02-19-B06,01,02,19,B06
10409717335,05.MP.N.61108,"TUBO 3/8 COBRE FLEXIVEL PAREDE 1/32(0,79mm)",01-01-19-001,01,01,19,001
10409717333,05.MP.N.61107,"TUBO 3/4 COBRE FLEXIVEL PAREDE 1/32(0,79mm)",01-01-19-001,01,01,19,001
10409717547,04.MP.N.71020,OBSOLETO - COMPRESSOR FT40B/D ROTATIVO MONO 220V 30000BTU R22 COD: PH401X3CS3MUU QVS407KAB SHV73YC4-U TH410DG-C8DU,03-02-20-001,03,02,20,001
10531750929,04.MP.I.80342,COMPRESSOR DC INVERTER R290 35674BTU HIGHLY WHP13300PSDPC8FQ - 13160001000248,03-03-20-001,03,03,20,001
10409717133,01.MP.N.30030,ADESIVO LATERAL LOGO FROMTHERM - N01.0 N02.0 - BRANCO,01-02-19-M06,01,02,19,M06
10409717109,01.MP.N.30018,ADESIVO FT25 INDICACAO DE MODELO - N01.0 - BRANCO,01-02-19-M06,01,02,19,M06
10409717085,01.MP.N.30007,OBSOLETO - ADESIVO FH160 INDICACAO DE MODELO - N03.0 - BRANCO,01-02-19-M06,01,02,19,M06
10409717097,01.MP.N.30012,OBSOLETO - ADESIVO FT100 INDICACAO DE MODELO - N02.0 - BRANCO,01-02-19-M06,01,02,19,M06
10409717087,01.MP.N.30008,OBSOLETO - ADESIVO FH240 INDICACAO DE MODELO - N03.0 - BRANCO,01-02-19-M06,01,02,19,M06
10409717083,01.MP.N.30006,OBSOLETO - ADESIVO FH100 INDICACAO DE MODELO - N03.0 - BRANCO,01-02-19-M06,01,02,19,M06
10409717099,01.MP.N.30013,ADESIVO FT120 INDICACAO DE MODELO - N03.0 - BRANCO,01-02-19-M06,01,02,19,M06
10409717127,01.MP.N.30027,OBSOLETO - ADESIVO LATERAL LOGO FROMTHERM TAMANHO GRANDE - FT240 - N03.0.1,01-02-19-M06,01,02,19,M06
10409717129,01.MP.N.30028,OBSOLETO - ADESIVO LATERAL LOGO FROMTHERM - N03.0 - BRANCO,01-02-19-M06,01,02,19,M06
10409717101,01.MP.N.30014,ADESIVO FT160 INDICACAO DE MODELO - N03.0 - BRANCO,01-02-19-M06,01,02,19,M06
10409717115,01.MP.N.30021,ADESIVO FT60 INDICACAO DE MODELO - N02.0 - BRANCO,01-02-19-M06,01,02,19,M06
10409717119,01.MP.N.30023,ADESIVO FT80 INDICACAO DE MODELO - N02.0 - BRANCO,01-02-19-M06,01,02,19,M06
10409717103,01.MP.N.30015,ADESIVO FT180 INDICACAO DE MODELO - N03.0 - BRANCO,01-02-19-M06,01,02,19,M06
10409717095,01.MP.N.30011,OBSOLETO - ADESIVO FH80 INDICACAO DE MODELO - N02.0 - BRANCO,01-02-19-M06,01,02,19,M06
10409717107,01.MP.N.30017,ADESIVO FT240 INDICACAO DE MODELO - N03.0 - BRANCO,01-02-19-M06,01,02,19,M06
10409717111,01.MP.N.30019,ADESIVO FT40 INDICACAO DE MODELO - N01.0 - BRANCO,01-02-19-M06,01,02,19,M06
10527880072,01.MP.N.30062,ADESIVO LATERAL LOGO FROMTHERM - N03.3 - PRETO,01-02-19-M07,01,02,19,M07
10409717105,01.MP.N.30016,ADESIVO FT20 LATERAL LOGO FROMTHERM  - N07.3 - PRETO,01-02-19-M07,01,02,19,M07
10718089887,01.MP.N.30080,ADESIVO LATERAL LOGO FROMTHERM - N01.3 N02.3 - PRETO,01-02-19-M07,01,02,19,M07
10455185691,01.MP.N.30046,OBSOLETO - ADESIVO FTI55 BR INDICACAO DE MODELO - N8.3 - PRETO,01-02-19-M06,01,02,19,M06
10693517580,01.MP.N.30067,ADESIVO FT50 INDICACAO DE MODELO - N08.3 - PRETO,01-02-19-M07,01,02,19,M07
10489854483,01.MP.N.30060,OBSOLETO - ADESIVO FTI45 BR INDICACAO DE MODELO - N8.3 - PRETO,01-02-19-M07,01,02,19,M07
10409717089,01.MP.N.30009,ADESIVO FH40 INDICACAO DE MODELO REV2 - N01.3 - PRETO,01-02-19-M07,01,02,19,M07
10455185560,01.MP.N.30045,OBSOLETO - ADESIVO FTI35 BR INDICACAO DE MODELO - N08.3 - PRETO,01-02-19-M07,01,02,19,M07
10489854328,01.MP.N.30059,OBSOLETO - ADESIVO FTI75 BR INDICACAO DE MODELO - N8.3 - PRETO,01-02-19-M07,01,02,19,M07
10489854138,01.MP.N.30058,ADESIVO FTI115 INDICACAO DE MODELO - N03.3 - PRETO,01-01-19-M07,01,01,19,M07
10718089600,01.MP.N.30070,ADESIVO FT100 INDICACAO DE MODELO - N02.3 - PRETO,01-02-19-M07,01,02,19,M07
10748669466,01.MP.N.30103,ADESIVO FH100 PRETO INDICACAO DE MODELO - N03.3 - PRETO,01-02-19-M07,01,02,19,M07
10748663680,01.MP.N.30099,ADESIVO FT120 PRETO INDICACAO DE MODELO - N03.3 - PRETO,01-02-19-M07,01,02,19,M07
10737234163,01.MP.N.30094,ADESIVO FH160 PRETO INDICACAO DE MODELO - N03.3 - PRETO,01-02-19-M07,01,02,19,M07
10737234351,01.MP.N.30095,ADESIVO FT180 PRETO INDICACAO DE MODELO - N03.3 - PRETO,01-02-19-M07,01,02,19,M07
10737233637,01.MP.N.30093,ADESIVO FT160 PRETO INDICACAO DE MODELO - N03.3 - PRETO,01-02-19-M07,01,02,19,M07
10718089028,01.MP.N.30069,ADESIVO FH80 INDICACAO DE MODELO - N02.3 - PRETO,01-02-19-M07,01,02,19,M07
10489853830,01.MP.N.30057,ADESIVO FTI145 INDICACAO DE MODELO - N03.3 - PRETO,01-02-19-M07,01,02,19,M07
10748667896,01.MP.N.30102,ADESIVO FH240 PRETO INDICACAO DE MODELO - N03.3 - PRETO,01-02-19-M07,01,02,19,M07
10748664899,01.MP.N.30101,ADESIVO FT240 PRETO INDICACAO DE MODELO - N03.3 - PRETO,01-02-19-M07,01,02,19,M07
10733049919,01.MP.N.30092,ADESIVO FTi165 TRI 380V INDICACAO DE MODELO  + CARACTERISTICAS - N03.3 - PRETO,01-01-19-M07,01,01,19,M07
10733049748,01.MP.N.30091,ADESIVO FTi165 TRI 220V INDICACAO DE MODELO + CARACTERISTICAS - N03.3 - PRETO,01-02-19-M07,01,02,19,M07
10733049076,01.MP.N.30090,ADESIVO FTi185 TRI 380V INDICACAO DE MODELO + CARACTERISTICAS - N03.3 - PRETO,01-02-19-M07,01,02,19,M07
10733048418,01.MP.N.30089,ADESIVO FTi185 TRI 220V INDICACAO DE MODELO + CARACTERISTICAS - N03.3 - PRETO,01-03-19-M07,01,03,19,M07
10770703208,01.MP.N.30100,ADESIVO MEMBRANA SMARTPOWER FRONTAL PRETA 15X33 - FTi 165/185,01-01-19-M08,01,01,19,M08
10490015691,01.MP.N.30061,ADESIVO MEMBRANA FTIBR e FTW FRONTAL,01-01-19-M08,01,01,19,M08
10547533726,01.MP.N.30064,ADESIVO MEMBRANA FTIBR FRONTAL N08 FTi 35 a 75,01-02-19-M08,01,02,19,M08
10534633440,05.MP.N.71120,CONDENSADORA FTI55 BR V1,03-02-02-002,03,02,02,002
10527219550,05.MP.N.71119,CONDENSADORA FTI75 BR V1,03-02-02-002,03,02,02,002
10409717587,05.MP.N.71110,CONDENSADORA FT20 V1,03-02-02-002,03,02,02,002
10437794406,04.MP.I.80116,#COMPRESSOR DC INVERTER R32 59942BTU 58-400V MITSUBISHI LVB53FCAMC FTi125L,03-01-17-001,03,01,17,001
10826947920,05.MP.N.90528,"VARETA DE SOLDA SILFOSCOPER 2,40 X 460MM 15% PRATA(AG) - MARCA: BRASIL SOLDAS BR-SILFOS TECH 15HGW",01-04-21-PTL,01,04,21,PTL
10409717531,04.MP.N.71012,#COMPRESSOR SCROLL R22 75000BTU TRI 220V PANASONIC CSB453H6B FT160F/H,03-02-04-001,03,02,04,001
10811172000,03.MP.N.61416,"SUPORTE DE ALUMINIO PARA QUADRO ELETRICO FTi-115 9,5mm",02-01-08-002,02,01,08,002
10724276747,01.MP.N.30083,ADESIVO LATERAL LOGO BOTAFOGO TAMANHO MEDIO REF: 160 505MM,01-03-19-M09,01,03,19,M09
10488789147,01.MP.N.30053,ADESIVO DRENO DA CONDENSADORA - FTI INVERTER IMPORTADA,01-03-19-M10,01,03,19,M10
10488789143,01.MP.N.30052,ADESIVO CABO DE ALIMENTACAO - FTI INVERTER IMPORTADA,01-03-19-M10,01,03,19,M10
10409717849,07.MP.N.90501,SOLDA ESTANHO 60X40 1MM C/ FLUXO RA (T2) ROLO 500G COBIX,01-04-21-PTL,01,04,21,PTL
10494794703,03.MP.N.61403,*SUPORTE MOTOR VENTILADOR GN03 DC INVERTER 85W-150W,02-01-09-001,02,01,09,001
10409717123,01.MP.N.30025,"ADESIVO INMETRO INDICACAO 50x22,5mm",01-03-19-M10,01,03,19,M10
10488789164,01.MP.N.30056,ADESIVO GAS REFRIGERANTE R-32 INFLAMAVEL - FTI INVERTER IMPORTADA,01-03-19-M10,01,03,19,M10
10409717069,01.MP.N.30000,ADESIVO 220V INDICACAO VOLTAGEM,01-03-19-M10,01,03,19,M10
10409717072,01.MP.N.30001,ADESIVO 380V INDICACAO VOLTAGEM,01-03-19-M10,01,03,19,M10
10488789110,01.MP.N.30049,ADESIVO DE SAÍDA VERMELHO - FTI INVERTER IMPORTADA,01-03-19-M10,01,03,19,M10
10409717076,01.MP.N.30003,ADESIVO CHOQUE ELETRICO,01-03-19-M10,01,03,19,M10
10488789119,01.MP.N.30050,ADESIVO CUIDADO COM A GRADE - FTI INVERTER IMPORTADA,01-03-19-M10,01,03,19,M10
10488789155,01.MP.N.30055,ADESIVO CUIDADOS IMPORTANTES - FTI INVERTER IMPORTADA,01-03-19-M10,01,03,19,M10
10409717121,01.MP.N.30024,ADESIVO GRADE VENTILADOR SIMBOLO ECO R410A - N08.3 - BRANCO,01-03-19-M10,01,03,19,M10
10409717074,01.MP.N.30002,ADESIVO BOMBA ALIMENTACAO,01-03-19-M10,01,03,19,M10
10409717078,01.MP.N.30004,OBSOLETO - ADESIVO DRENO INDICACAO,01-03-19-M10,01,03,19,M10
10488789094,01.MP.N.30048,ADESIVO DE ENTRADA AZUL - FTI INVERTER IMPORTADA,01-03-19-M10,01,03,19,M10
10488789132,01.MP.N.30051,ADESIVO RISCO DE CHOQUE ELETRICO - FTI INVERTER IMPORTADA,01-03-19-M10,01,03,19,M10
10488794524,01.MP.N.30054,ADESIVO DRENO - FTI INVERTER IMPORTADA,01-03-19-M10,01,03,19,M10
10409717149,01.MP.N.30038,ADESIVO QR CODE MANUAIS GERAIS HTTPS://QRCO.DE/MANUAISFROMTHERM,01-03-19-M10,01,03,19,M10
10409717135,01.MP.N.30031,ADESIVO VENTILADOR GRADE DE FERRO LOGO FROMTHERM,01-03-19-M10,01,03,19,M10
10592197760,01.MP.N.51003,ADESIVO DIAGRAMA TRI 380V FT WIFI - CONTROLADOR 42WE,01-03-19-M11,01,03,19,M11
10592193400,01.MP.N.51002,ADESIVO DIAGRAMA TRI 220V FT WIFI - CONTROLADOR 42WE,01-03-19-M11,01,03,19,M11
10592185850,01.MP.N.51001,ADESIVO DIAGRAMA MONO 220V FT WIFI - CONTROLADOR 42WE,01-03-19-M11,01,03,19,M11
10409717159,01.MP.N.30077,ADESIVO DIAGRAMA ELETRICO MTZ TRI 220V REV01,01-03-19-M11,01,03,19,M11
10409717161,01.MP.N.30076,ADESIVO DIAGRAMA ELETRICO MTZ TRI 380V REV02,01-03-19-M11,01,03,19,M11
10409717157,01.MP.N.30078,ADESIVO DIAGRAMA ELETRICO MTZ MONO 220V REV01,01-03-19-M11,01,03,19,M11
10545966173,01.MP.N.30075,ADESIVO DIAGRAMA MONO 220V FTi35 A 75 BR PLACA SOLAREAST,01-03-19-M11,01,03,19,M11
10545967194,01.MP.N.30074,ADESIVO DIAGRAMA MONO 220V FTi145 BR - PLACA SOLAREAST,01-03-19-M11,01,03,19,M11
10545967343,01.MP.N.30073,ADESIVO DIAGRAMA TRI 380V FTi115/145 - PLACA SOLAREAST,01-03-19-M11,01,03,19,M11
10545969078,01.MP.N.30072,ADESIVO DIAGRAMA MONO 220V FTi115 BR - PLACA SOLAREAST,01-03-19-M11,01,03,19,M11
10726278333,01.MP.N.30086,ADESIVO DIAGRAMA TRI 380V FTI 185 165 (PLACA SPB1-38120AA1) MV AC - SMARTPOWER 21x35 VINIL BRANCO,01-03-19-M11,01,03,19,M11
10792844648,01.MP.N.30104,ADESIVO DIAGRAMA TRI 220V FTI 165 (PLACA SPB1-38120AA1) MV AC - SMARTPOWER - 21x35 VINIL BRANCO,01-03-19-M11,01,03,19,M11
10792844960,01.MP.N.30105,ADESIVO DIAGRAMA TRI 220V FTI 185 (PLACA SPB1-38150AA1) MV AC - SMARTPOWER - 21x35 VINIL BRANCO,01-03-19-M11,01,03,19,M11
10485923917,07.MP.I.80101,TAG LOGO FROMTHERM METAL FUNDO PRETO FTI INVERTER - 14400007002166,01-04-19-PTL,01,04,19,PTL
10846770042,01.MP.N.51019,ADESIVO DIAGRAMA TRI 220V FT WIFI - CONTROLADOR 42WE - PEQUENO,01-03-19-M11,01,03,19,M11
10846770446,01.MP.N.51020,ADESIVO DIAGRAMA TRI 380V FT WIFI - CONTROLADOR 42WE - PEQUENO,01-03-19-M11,01,03,19,M11
10846770701,01.MP.N.51021,ADESIVO DIAGRAMA MONO 220V FT WIFI - CONTROLADOR 42WE - PEQUENO,01-03-19-M11,01,03,19,M11
10409717331,05.MP.N.61106,"TUBO 1/2 COBRE FLEXIVEL PAREDE 1/32(0,79mm)",01-01-19-001,01,01,19,001
10816266410,09.MC.N.11093,DISCO REBOLO BRANCO ESMERIL 6X 5/8 X 1/2 GRAO 120,01-04-21-PTL,01,04,21,PTL
10409717683,07.MP.N.90200,"BORRACHA PERFIL U 4,5X7,0X1,0MM",01-04-21-PTL,01,04,21,PTL
10409717373,04.MP.N.61604,RELE TEMPORIZADOR RTW17 30/300 SEGUNDOS,01-03-13-002,01,03,13,002
10542539259,04.MP.N.60606,CONTATORA WEG CWM50 220V,01-01-24-001,01,01,24,001
10409717225,07.MP.N.60001,ADAPTADOR CHAVE COMUTADOR KNOB,01-01-24-001,01,01,24,001
10409717658,05.MP.I.80043,OBSOLETO - VALVULA REVERSAO FTI25 DSF-4 - 13070002000305,01-03-24-PTL,01,03,24,PTL
10409717632,04.MP.I.80096,BOBINA SOLENOIDE VALVULA REVERSAO 4 VIAS 60CM,01-04-24-PTL,01,04,24,PTL
10660832151,07.MP.I.80089,CAPA DO COMPRESSOR - 13110001001282,01-04-24-G08,01,04,24,G08
10660832777,07.MP.I.80095,ALGODAO PROTECAO ACUSTICA COMPRESSOR - 13110001001284,01-01-22-002,01,01,22,002
10409717644,04.MP.I.80012,"SENSOR TEMP. SUCCAO AMARELO FTI45,55,75,105D/20K/XH-2Y/1.2m/HET - 13080009000257",01-02-22-M05,01,02,22,M05
10409717351,04.MP.I.61204,PRESSOSTATO BAIXA OPEN 05 CLOSE 20 CARTUCHO 1/4 - PRESSURE SWITCH LPS0520,01-04-20-002,01,04,20,002
10433000257,04.MP.I.80005,OBSOLETO - PRESSOSTATO DE ALTA 522 PSI 60CM SOLAREAST 60CM 13080003000904,01-03-13-002,01,03,13,002
10433000307,04.MP.I.80004,OBSOLETO - PRESSOSTATO DE BAIXA 21 PSI 60CM SOLAREAST 1308000300090,01-03-13-002,01,03,13,002
10437794572,04.MP.I.80031,OBSOLETO - PRESSOSTATO DE BAIXA 21 PSI 150CM SOLAREAST 150 CM 13080003000926,01-03-13-002,01,03,13,002
10437794566,04.MP.I.80030,OBSOLETO - PRESSOSTATO DE ALTA 522 PSI 150CM SOLAREAST 150CM - 13080003000925,01-03-13-002,01,03,13,002
10846652153,PP.52026,PREPARACAO KIT SENSORES FTi-165/185 SMART POWER,01-03-16-M05,01,03,16,M05
10409717473,05.MP.I.70201,FILTRO SECADOR CONEXAO 1/2 - FILTER DRIER SDML304S 1/2,01-01-13-001,01,01,13,001
10485147821,03.MP.I.80058,GRADE VENTILADOR N11.3.0 SOLAREAST FTi125 610MM 32201001000201,01-01-03-001,01,01,03,001
10485147821,03.MP.I.80058,GRADE VENTILADOR N11.3.0 SOLAREAST FTi125 610MM 32201001000201,01-01-03-002,01,01,03,002
10485147821,03.MP.I.80058,GRADE VENTILADOR N11.3.0 SOLAREAST FTi125 610MM 32201001000201,01-02-03-002,01,02,03,002
10485147821,03.MP.I.80058,GRADE VENTILADOR N11.3.0 SOLAREAST FTi125 610MM 32201001000201,01-03-03-002,01,03,03,002
10485147821,03.MP.I.80058,GRADE VENTILADOR N11.3.0 SOLAREAST FTi125 610MM 32201001000201,01-02-05-001,01,02,05,001
10516710969,09.MC.N.10664,TARUGO PU 25MM 90 SHORE VERMELHO,01-04-19-PTL,01,04,19,PTL
10431263147,05.MP.I.80045,*CORPO VALVULA REVERSAO 60000BTU 4 VIAS DSF-20-2230 - 13070002001183,01-02-13-002,01,02,13,002
10437794425,04.MP.I.80213,PLACA ELETRONICA FTi25D - KVB102FEUMC/201-A19017C/9A/HET - 13080002000486,01-04-18-PTL,01,04,18,PTL
10523242171,04.MP.I.80215,PLACA ELETRONICA FTi35D MONO - SVB120FCWMC-A19017B-9A-HET/POSTERIOR JUNHO - 13080014000003,01-04-18-PTL,01,04,18,PTL
10722532212,04.MP.I.60811,*MOTOR VENTILADOR 150W DC INVERTER 310VDC - JIAGMAN RD150RHA2,01-01-10-002,01,01,10,002
10722532212,04.MP.I.60811,*MOTOR VENTILADOR 150W DC INVERTER 310VDC - JIAGMAN RD150RHA2,01-02-08-002,01,02,08,002
10717011791,05.MP.N.70308,INSERTO LOKRING 5/8,01-02-19-M12,01,02,19,M12
10716961492,05.MP.N.70307,JUNTA LOKRING 5/8,01-02-19-M12,01,02,19,M12
10409711899,09.MC.N.10024,AMPOLAS DE VIDRO 2X14 (REED SWITCH),01-03-20-PTL,01,03,20,PTL
10542526308,04.MP.N.71033,#COMPRESSOR SCROLL R22 126300BTUS TRI 380V PANASONIC CSC753H9H FT240J/L,03-01-14-002,03,01,14,002
10409717361,09.MP.N.61500,"REBITE ALUMINIO 4,0X10MM",01-02-21-PTL,01,02,21,PTL
10409717523,04.MP.N.71008,#COMPRESSOR SCROLL R410A 48000BTUS TRI 380V COPELAND ZP44KUETF7 FH80J/L,03-01-17-001,03,01,17,001
10409717509,04.MP.N.71001,#COMPRESSOR SCROLL R410A 60000BTUS TRI 380V COPELAND ZP57KSETF7 FH100J/L,03-02-04-002,03,02,04,002
10409717517,04.MP.N.71005,#COMPRESSOR SCROLL R410A 72000BTUS TRI 380V COPELAND ZP72KCETF7 FH160J/FH240J,03-02-08-001,03,02,08,001
10734517555,03.PP.N.10926,PREPARACAO CUBA ACUSTICA FTi BR 165/185,02-01-13-001,02,01,13,001
10734517555,03.PP.N.10926,PREPARACAO CUBA ACUSTICA FTi BR 165/185,02-01-13-002,02,01,13,002
10734517555,03.PP.N.10926,PREPARACAO CUBA ACUSTICA FTi BR 165/185,02-02-13-001,02,02,13,001
10734517555,03.PP.N.10926,PREPARACAO CUBA ACUSTICA FTi BR 165/185,02-02-13-002,02,02,13,002
10409717273,04.MP.N.60601,OBSOLETO - CONTATORA WEG CW07 10E 7A,01-01-24-001,01,01,24,001
10634370103,04.MP.I.80119,*COMPRESSOR DC INVERTER R32 66495BTU 150V CRSS C-8RZ580H3AAF FTi 165H 185H,03-01-02-001,03,01,02,001
10409717537,04.MP.N.71015,#COMPRESSOR SCROLL R22 81000BTUS TRI 380V COPELAND ZR81KCTF7 FT180J/L,03-01-16-001,03,01,16,001
10409717561,04.MP.N.71027,#COMPRESSOR SCROLL R22 48000BTU MONO 220V PANASONIC CSBR145H16A FT80B/D,03-01-18-001,03,01,18,001
10409717515,04.MP.N.71004,#COMPRESSOR SCROLL R410A 72000BTUS TRI 220V COPELAND ZP72KCETF5 FH160F/FH240F,03-01-12-001,03,01,12,001
10409717507,04.MP.N.71000,#COMPRESSOR SCROLL R410A 60000BTUS TRI 220V COPELAND ZP57KSETF5 FH100F/H,03-02-12-001,03,02,12,001
10864770730,03.MP.N.62040,"TUBO CORRUGADO 19,0MM",02-02-04-002,02,02,04,002
10766868477,03.MP.N.62030,"TUBO CORRUGADO 15,8MM ou 5/8pol",02-02-04-001,02,02,04,001
10566358702,07.MP.N.90102,FIXADOR DE NYLON 15X10MM,01-03-17-001,01,03,17,001
10409717448,02.MP.N.70100,BUCHA DE REDUCAO ROSCAVEL - DRENO - 3/4 X 1/2,01-01-02-001,01,01,02,001
10520828795,BDC105A125PT,BANDEJA DE CONDENSACAO - FTi-105 125,03-02-03-001,03,02,03,001
10425870032,01.MP.N.30042,ADESIVO GRADE VENTILADOR SIMBOLO ECO R32 - N08.3 - PRETO,01-03-19-001,01,03,19,001
10871820184,03.MP.N.60413,CHAPA ALUMINIO 2MM 44X17CM FH240,01-02-20-001,01,02,20,001
10604049046,07.MP.N.10770,CABO MANGA 4X22 AWG SEM BLINDAGEM,01-02-20-001,01,02,20,001
10855342865,04.MP.I.80245,PLACA DE FILTRO 125 D MONO V2 - R-SY012-P/ 5P - 13080002000991,01-04-18-001,01,04,18,001
10870431737,03.MP.N.11219,EVA 20MM,02-03-11-001,02,03,11,001
10863954384,03.MP.N.61419,*SUPORTE MOTOR VENTILADOR N03 AC 1/2,02-01-08-002,02,01,08,002
10409717839,04.MP.N.90429,"CABO FLEXIVEL 6,00MM VERDE",01-01-18-001,01,01,18,001
10409717239,07.MP.N.60206,CANTONEIRA ALUMINIO 50X50 PARADE 2MM COF CT031 FOSCO USO: SUPORTE FT240,01-01-25-001,01,01,25,001
10692837776,03.MP.N.61406,BARRA CHATA 2POL PRETA 6MT,01-01-25-001,01,01,25,001
10504530120,03.MP.I.80084,TAMPA METAL CAIXA ELETRICA N11.3.0 SOLAREAST FTi125,02-05-08-001,02,05,08,001
10437794487,05.MP.I.80212,"EVAPORADORA FTI55,75 SOLAREAST 600*276*600 - 32210019000053",02-05-12-001,02,05,12,001
10437794487,05.MP.I.80212,"EVAPORADORA FTI55,75 SOLAREAST 600*276*600 - 32210019000053",02-05-14-001,02,05,14,001
10437794487,05.MP.I.80212,"EVAPORADORA FTI55,75 SOLAREAST 600*276*600 - 32210019000053",02-05-16-001,02,05,16,001
10437794487,05.MP.I.80212,"EVAPORADORA FTI55,75 SOLAREAST 600*276*600 - 32210019000053",02-04-14-001,02,04,14,001
10437794487,05.MP.I.80212,"EVAPORADORA FTI55,75 SOLAREAST 600*276*600 - 32210019000053",02-04-16-001,02,04,16,001
10437794487,05.MP.I.80212,"EVAPORADORA FTI55,75 SOLAREAST 600*276*600 - 32210019000053",02-04-18-001,02,04,18,001
10437794487,05.MP.I.80212,"EVAPORADORA FTI55,75 SOLAREAST 600*276*600 - 32210019000053",02-04-20-001,02,04,20,001
10437794487,05.MP.I.80212,"EVAPORADORA FTI55,75 SOLAREAST 600*276*600 - 32210019000053",02-05-22-001,02,05,22,001
10437794487,05.MP.I.80212,"EVAPORADORA FTI55,75 SOLAREAST 600*276*600 - 32210019000053",02-05-22-001,02,05,22,001
10437794487,05.MP.I.80212,"EVAPORADORA FTI55,75 SOLAREAST 600*276*600 - 32210019000053",02-05-18-001,02,05,18,001
10437794487,05.MP.I.80212,"EVAPORADORA FTI55,75 SOLAREAST 600*276*600 - 32210019000053",02-05-20-001,02,05,20,001
10437794518,05.MP.I.80235,OBSOLETO - EVAPORADORA FTI45 SOLAREAST 600*276*600/ - 32210019000108,02-03-06-001,02,03,06,001
10437794518,05.MP.I.80235,OBSOLETO - EVAPORADORA FTI45 SOLAREAST 600*276*600/ - 32210019000108,02-03-08-001,02,03,08,001
10437794518,05.MP.I.80235,OBSOLETO - EVAPORADORA FTI45 SOLAREAST 600*276*600/ - 32210019000108,02-03-10-001,02,03,10,001
10443272248,IFV-2CV,BOMBA DE AGUA INVERTER IFV 2CV,01-06-18-002,01,06,18,002
10443272248,IFV-2CV,BOMBA DE AGUA INVERTER IFV 2CV,01-05-20-001,01,05,20,001
10443272248,IFV-2CV,BOMBA DE AGUA INVERTER IFV 2CV,01-05-20-002,01,05,20,002
10443269075,IFV-1CV,BOMBA DE AGUA INVERTER IFV 1CV,01-07-18-001,01,07,18,001
10443269075,IFV-1CV,BOMBA DE AGUA INVERTER IFV 1CV,01-06-20-001,01,06,20,001
10443269075,IFV-1CV,BOMBA DE AGUA INVERTER IFV 1CV,01-06-20-002,01,06,20,002
10502445800,03.MP.I.80078,SUPORTE METAL MOTOR VENTILADOR N11.3.0 SOLAREAST FTi125,02-04-02-002,02,04,02,002
10485147845,03.MP.I.80066,PAINEL LATERAL DIREITO N11.3.0 SOLAREAST FTi125 32201001000192,02-04-22-002,02,04,22,002
10485147907,03.MP.I.80073,PAINEL FRONTAL VENTILADOR N11.3.0 SOLAREAST FTi125 32201001000497,02-03-08-002,02,03,08,002
10485147907,03.MP.I.80073,PAINEL FRONTAL VENTILADOR N11.3.0 SOLAREAST FTi125 32201001000497,02-03-10-002,02,03,10,002
10485147907,03.MP.I.80073,PAINEL FRONTAL VENTILADOR N11.3.0 SOLAREAST FTi125 32201001000497,02-03-12-002,02,03,12,002
10485147907,03.MP.I.80073,PAINEL FRONTAL VENTILADOR N11.3.0 SOLAREAST FTi125 32201001000497,02-03-12-001,02,03,12,001
10409712352,08.MP.N.10764,FILME STRETCH PRE-ESTIRADO - 17-20 MICRONS P/ APLICACAO MANUAL,03-01-01-001,03,01,01,001
10437794544,05.MP.I.80217,OBSOLETO - EVAPORADORA FTI125 SOLAREAST 740*322*700/ - 32210019000130 32151001000101,02-05-03-002,02,05,03,002
10437794544,05.MP.I.80217,OBSOLETO - EVAPORADORA FTI125 SOLAREAST 740*322*700/ - 32210019000130 32151001000101,02-05-05-001,02,05,05,001
10437794544,05.MP.I.80217,OBSOLETO - EVAPORADORA FTI125 SOLAREAST 740*322*700/ - 32210019000130 32151001000101,00-05-05-002,00,05,05,002
10437794544,05.MP.I.80217,OBSOLETO - EVAPORADORA FTI125 SOLAREAST 740*322*700/ - 32210019000130 32151001000101,02-05-07-001,02,05,07,001
10431266997,05.MP.I.80091,"OBSOLETO - CONDENSADORA FTI55,75 SOLAREAST 21KW PVC/12.7/140 - 13170005000023",02-05-13-002,02,05,13,002
10431266997,05.MP.I.80091,"OBSOLETO - CONDENSADORA FTI55,75 SOLAREAST 21KW PVC/12.7/140 - 13170005000023",02-05-11-002,02,05,11,002
10431266997,05.MP.I.80091,"OBSOLETO - CONDENSADORA FTI55,75 SOLAREAST 21KW PVC/12.7/140 - 13170005000023",92-05-15-001,92,05,15,001
10431266997,05.MP.I.80091,"OBSOLETO - CONDENSADORA FTI55,75 SOLAREAST 21KW PVC/12.7/140 - 13170005000023",02-05-17-001,02,05,17,001
10409717620,05.MP.N.71209,EVAPORADORA FT70 V1 N08 DUPLA 3B 2502 12X985X466 02006280B,04-04-02-001,04,04,02,001
10409717620,05.MP.N.71209,EVAPORADORA FT70 V1 N08 DUPLA 3B 2502 12X985X466 02006280B,04-04-02-002,04,04,02,002
10409717620,05.MP.N.71209,EVAPORADORA FT70 V1 N08 DUPLA 3B 2502 12X985X466 02006280B,04-04-04-001,04,04,04,001
10409717620,05.MP.N.71209,EVAPORADORA FT70 V1 N08 DUPLA 3B 2502 12X985X466 02006280B,04-04-04-002,04,04,04,002
10872750449,01.MP.I.80123,UNIAO 50MM DESMONTE BRANCA  50*97-1.5 - 13070005003259,01-03-18-001,01,03,18,001
10502447987,03.MP.I.80098,BASE METAL N11.3.0 SOLAREAST FTi125,02-05-17-002,02,05,17,002
10502447987,03.MP.I.80098,BASE METAL N11.3.0 SOLAREAST FTi125,02-05-19-001,02,05,19,001
10502447987,03.MP.I.80098,BASE METAL N11.3.0 SOLAREAST FTi125,02-05-19-002,02,05,19,002
10429650939,09.MC.N.10849,ROSCAVEL CAP 3/4 KRONA,01-01-17-001,01,01,17,001
10409717610,05.MP.N.71204,EVAPORADORA FT20 V2 N07 3B 1802 10X500X197 02005550A,04-01-16-001,04,01,16,001
10409717603,05.MP.N.71201,EVAPORADORA FT100 N02.X.1 3B 2501 12X1900X898 02004860C,04-01-12-001,04,01,12,001
10409717616,05.MP.N.71207,EVAPORADORA FT50 V1 N08 SIMPLES 3B 2501 12X985X466 02006780A,04-01-14-001,04,01,14,001
10409717614,05.MP.N.71206,EVAPORADORA FT40 V1 N01 3B 1701 12X1470X695 02005040C,04-02-06-001,04,02,06,001
10409717601,05.MP.N.71200,OBSOLETO - EVAPORADORA FH40 N01 V2 3B 2101 12X1470X695 02006770A,04-03-06-002,04,03,06,002
10409717618,05.MP.N.71208,EVAPORADORA FT80 V1 N02 3B 2101 12X1900X898 02004280C,04-01-02-001,04,01,02,001
10409717618,05.MP.N.71208,EVAPORADORA FT80 V1 N02 3B 2101 12X1900X898 02004280C,04-01-04-001,04,01,04,001
10491867819,08.EM.I.80239,"CAIXA PAPELAO FTi-45/55/75 N10 990X435X867,5 - 14100044000053",04-02-04-001,04,02,04,001
10409713058,08.EM.N.31003,CAIXA PAPELAO FT40 N01 600X600X580 COD 14217-1,04-02-02-002,04,02,02,002
10409717869,07.MP.N.90511,GRAXA PARA ROLAMENTO AZUL 1KG,01-03-21-001,01,03,21,001
10408354370,05.PP.N.10928,PREPARACAO CONDENSADORA FTi-185,03-03-06-001,03,03,06,001
10408354228,05.PP.N.10935,PREPARACAO CONDENSADORA FTi-165,03-03-02-002,03,03,02,002
10408354228,05.PP.N.10935,PREPARACAO CONDENSADORA FTi-165,03-03-02-001,03,03,02,001
10720215214,05.MP.N.71125,CONDENSADORA FTI165 BR V1,03-02-01-001,03,02,01,001
10720215214,05.MP.N.71125,CONDENSADORA FTI165 BR V1,03-02-01-002,03,02,01,002
10409717599,05.MP.N.71116,CONDENSADORA FT80 V1,03-02-05-001,03,02,05,001
10489855386,05.MP.N.71118,CONDENSADORA FTI115 BR V1,03-02-05-001,03,02,05,001
10428662920,04.MP.N.90924,"TERMINAL FEMEA PRE ISOLADO FASTON 2,8MM X 0,5MM VM - RELE PLACA CHINA",01-04-17-001,01,04,17,001
10409717935,04.MP.N.90900,OBSOLETO - TERMINAL BANDEIRA COM TRAVA 7.2,01-03-17-001,01,03,17,001
10876955723,03.MP.N.70009,"ABRACADEIRA DE NYLON PRETA 7,6X550MM",01-03-19-001,01,03,19,001
10602158936,07.MP.N.62036,"OBSOLETO - TUBO TERMORETRATIL 6,4 X 20 MM AZUL ESCURO",01-02-19-001,01,02,19,001
10409717879,07.MP.N.90516,BORRACHA SELADOR PU TERMOPLASTICA ELASTIL SELANTE PRETO,01-03-21-001,01,03,21,001
10490708588,06.MP.N.90721,PORCA 1/4 SEXTAVADA INOX CHV 7/16,01-02-21-001,01,02,21,001
10409717901,06.MP.N.90702,"PARAFUSO 4,2X16 CABECA CHATA PHILLIPS INOX MAQUINA",01-02-21-001,01,02,21,001
10409717897,06.MP.N.90700,"OBSOLETO - PARAFUSO 3,9X19 CABECA PANELA PHILLIPS INOX AUTO ATARRAXANTE HIGIENIZACAO/FIXACAO TAMPA",01-02-21-001,01,02,21,001
10878539612,06.MP.N.90744,"OBSOLETO - PARAFUSO 3,9X19 CABECA CHATA PHILLIPS INOX ATARRAXANTE",01-02-21-001,01,02,21,001
10424819619,05.MP.N.70410,"FILTRO SEPARADOR INVERTER - MADASA - COD 6491-03-0 - 6.35 7,94*L65",01-01-21-001,01,01,21,001
10520827683,BDC25A75PT,BANDEJA DE CONDENSACAO - FTi-25 35 45 55 75,03-03-03-001,03,03,03,001
10520827683,BDC25A75PT,BANDEJA DE CONDENSACAO - FTi-25 35 45 55 75,03-03-03-002,03,03,03,002
10720271777,05.MP.N.71126,CONDENSADORA FTI185 BR V1,03-01-03-001,03,01,03,001
10720271777,05.MP.N.71126,CONDENSADORA FTI185 BR V1,03-01-03-002,03,01,03,002
10409717585,05.MP.N.71109,CONDENSADORA FT160 V1,03-01-05-001,03,01,05,001
10543703054,05.MP.N.71123,CONDENSADORA FT240 V2,03-01-07-001,03,01,07,001
10722804337,03.MP.N.61415,CAIXA METAL ELETRICA FTi-165L/165H/185L - INVERTER NACIONAL - KIT,02-02-10-001,02,02,10,001
10722804337,03.MP.N.61415,CAIXA METAL ELETRICA FTi-165L/165H/185L - INVERTER NACIONAL - KIT,02-02-10-002,02,02,10,002
10722804337,03.MP.N.61415,CAIXA METAL ELETRICA FTi-165L/165H/185L - INVERTER NACIONAL - KIT,02-01-10-002,02,01,10,002
10641747558,03.MP.N.50320,PAINEL FRONTAL VENTILADOR N08.3.0 FT50 ABS PRETO FOSCO,02-03-22-001,02,03,22,001
10878466158,06.MP.N.90741,"PARAFUSO 4,2X13 CABECA CHATA PHILLIPS INOX BROCANTE",01-02-21-001,01,02,21,001
10878479467,06.MP.N.90743,"PARAFUSO 4,0X10 CABECA PANELA PHILLIPS INOX MAQUINA",01-02-21-001,01,02,21,001
10409712380,09.MC.N.10240,FLUXO BRASAGEM PRATA BR45 PASTA 100g,01-04-21-001,01,04,21,001
10431268214,04.MP.I.80120,MOTOR VENTILADOR 85W DC 310V CHICOTE -190CM - 13080004000184,01-01-02-001,01,01,02,001
10736629476,06.MP.N.90726,PARAFUSO 1/4X1.1/2 CABECA SEXTAVADA INOX,01-02-21-001,01,02,21,001
10409717964,04.MP.N.90915,"TERMINAL TUBULAR DUPLO BRANCO 0,50MM I-0,5-2",01-01-17-001,01,01,17,001
10409717960,04.MP.N.90913,"TERMINAL TUBULAR AZUL DUPLO 2,5MM",01-01-17-001,01,01,17,001
10409717729,04.MP.N.90322,CHICOTE CONJUNTO MACHO/FEMEA VENTILADOR / FT20 A 40 009,01-03-18-001,01,03,18,001